-- phpMyAdmin SQL Dump
-- version 5.2.2
-- https://www.phpmyadmin.net/
--
-- Servidor: localhost:3306
-- Tiempo de generación: 17-10-2025 a las 13:40:03
-- Versión del servidor: 10.5.29-MariaDB-cll-lve
-- Versión de PHP: 8.4.13

SET SQL_MODE = "NO_AUTO_VALUE_ON_ZERO";
START TRANSACTION;
SET time_zone = "+00:00";


/*!40101 SET @OLD_CHARACTER_SET_CLIENT=@@CHARACTER_SET_CLIENT */;
/*!40101 SET @OLD_CHARACTER_SET_RESULTS=@@CHARACTER_SET_RESULTS */;
/*!40101 SET @OLD_COLLATION_CONNECTION=@@COLLATION_CONNECTION */;
/*!40101 SET NAMES utf8mb4 */;

--
-- Base de datos: `userprjdev_cb_ocs1`
--

-- --------------------------------------------------------

--
-- Estructura de tabla para la tabla `asistencia`
--

CREATE TABLE `asistencia` (
  `id_asistencia` int(11) NOT NULL,
  `id_sesion` int(11) NOT NULL,
  `id_usuario` int(11) NOT NULL,
  `tipo_asistencia` enum('presente','remoto','ausente') DEFAULT 'ausente',
  `estado` tinyint(4) DEFAULT 1,
  `status` tinyint(4) DEFAULT 1
) ENGINE=InnoDB DEFAULT CHARSET=utf8mb4 COLLATE=utf8mb4_general_ci;

--
-- Volcado de datos para la tabla `asistencia`
--

INSERT INTO `asistencia` (`id_asistencia`, `id_sesion`, `id_usuario`, `tipo_asistencia`, `estado`, `status`) VALUES
(82, 6, 30, NULL, 1, 1),
(83, 6, 21, NULL, 1, 1),
(84, 6, 29, NULL, 1, 1),
(85, 6, 22, NULL, 1, 1),
(86, 6, 32, NULL, 1, 1),
(87, 6, 28, NULL, 1, 1),
(88, 6, 38, NULL, 1, 1),
(89, 6, 42, NULL, 1, 1),
(90, 6, 53, NULL, 1, 1),
(91, 6, 31, NULL, 1, 1),
(92, 6, 26, NULL, 1, 1),
(93, 6, 39, NULL, 1, 1),
(94, 6, 33, NULL, 1, 1),
(95, 6, 52, NULL, 1, 1),
(96, 6, 34, NULL, 1, 1),
(97, 6, 25, NULL, 1, 1),
(98, 6, 24, NULL, 1, 1),
(99, 6, 43, NULL, 1, 1),
(100, 6, 48, NULL, 1, 1),
(101, 6, 51, NULL, 1, 1),
(102, 6, 50, NULL, 1, 1),
(103, 6, 49, NULL, 1, 1),
(104, 6, 36, NULL, 1, 1),
(105, 6, 41, NULL, 1, 1),
(106, 6, 23, NULL, 1, 1),
(107, 6, 27, NULL, 1, 1),
(108, 6, 44, NULL, 1, 1),
(109, 6, 47, NULL, 1, 1),
(110, 6, 45, NULL, 1, 1),
(111, 6, 46, NULL, 1, 1),
(112, 6, 20, NULL, 1, 1),
(113, 6, 40, NULL, 1, 1),
(114, 6, 35, NULL, 1, 1),
(115, 6, 37, NULL, 1, 1),
(320, 7, 30, 'ausente', 1, 1),
(321, 7, 21, 'ausente', 1, 1),
(322, 7, 29, 'presente', 1, 1),
(323, 7, 22, 'ausente', 1, 1),
(324, 7, 32, 'ausente', 1, 1),
(325, 7, 28, 'presente', 1, 1),
(326, 7, 38, 'presente', 1, 1),
(327, 7, 42, 'presente', 1, 1),
(328, 7, 53, 'presente', 1, 1),
(329, 7, 31, 'ausente', 1, 1),
(330, 7, 26, 'ausente', 1, 1),
(331, 7, 39, 'presente', 1, 1),
(332, 7, 33, 'presente', 1, 1),
(333, 7, 52, 'presente', 1, 1),
(334, 7, 34, 'presente', 1, 1),
(335, 7, 25, 'ausente', 1, 1),
(336, 7, 24, 'ausente', 1, 1),
(337, 7, 43, 'presente', 1, 1),
(338, 7, 48, 'ausente', 1, 1),
(339, 7, 51, 'presente', 1, 1),
(340, 7, 50, 'presente', 1, 1),
(341, 7, 49, 'presente', 1, 1),
(342, 7, 36, 'presente', 1, 1),
(343, 7, 41, 'presente', 1, 1),
(344, 7, 23, 'ausente', 1, 1),
(345, 7, 27, 'presente', 1, 1),
(346, 7, 44, 'presente', 1, 1),
(347, 7, 47, 'presente', 1, 1),
(348, 7, 45, 'presente', 1, 1),
(349, 7, 46, 'presente', 1, 1),
(350, 7, 20, 'ausente', 1, 1),
(351, 7, 40, 'presente', 1, 1),
(352, 7, 35, 'presente', 1, 1),
(353, 7, 37, 'ausente', 1, 1),
(354, 8, 30, 'ausente', 1, 1),
(355, 8, 21, 'ausente', 1, 1),
(356, 8, 29, 'presente', 1, 1),
(357, 8, 22, 'ausente', 1, 1),
(358, 8, 32, 'ausente', 1, 1),
(359, 8, 28, 'ausente', 1, 1),
(360, 8, 38, 'ausente', 1, 1),
(361, 8, 42, 'ausente', 1, 1),
(362, 8, 53, 'ausente', 1, 1),
(363, 8, 31, 'ausente', 1, 1),
(364, 8, 26, 'ausente', 1, 1),
(365, 8, 39, 'ausente', 1, 1),
(366, 8, 33, 'ausente', 1, 1),
(367, 8, 52, 'ausente', 1, 1),
(368, 8, 34, 'ausente', 1, 1),
(369, 8, 25, 'ausente', 1, 1),
(370, 8, 24, 'ausente', 1, 1),
(371, 8, 43, 'ausente', 1, 1),
(372, 8, 48, 'ausente', 1, 1),
(373, 8, 51, 'ausente', 1, 1),
(374, 8, 50, 'ausente', 1, 1),
(375, 8, 49, 'presente', 1, 1),
(376, 8, 36, 'ausente', 1, 1),
(377, 8, 41, 'ausente', 1, 1),
(378, 8, 23, 'ausente', 1, 1),
(379, 8, 27, 'ausente', 1, 1),
(380, 8, 44, 'ausente', 1, 1),
(381, 8, 47, 'ausente', 1, 1),
(382, 8, 45, 'ausente', 1, 1),
(383, 8, 46, 'ausente', 1, 1),
(384, 8, 20, 'ausente', 1, 1),
(385, 8, 40, 'ausente', 1, 1),
(386, 8, 35, 'ausente', 1, 1),
(387, 8, 37, 'ausente', 1, 1),
(457, 10, 22, 'ausente', 1, 1),
(458, 10, 21, 'ausente', 1, 1),
(459, 10, 28, 'ausente', 1, 1),
(460, 10, 20, 'ausente', 1, 1),
(461, 10, 33, 'ausente', 1, 1),
(462, 10, 25, 'ausente', 1, 1),
(463, 10, 34, 'ausente', 1, 1),
(464, 10, 23, 'ausente', 1, 1),
(465, 10, 31, 'ausente', 1, 1),
(466, 10, 29, 'ausente', 1, 1),
(467, 10, 35, 'ausente', 1, 1),
(468, 10, 27, 'ausente', 1, 1),
(469, 10, 24, 'ausente', 1, 1),
(470, 10, 40, 'ausente', 1, 1),
(471, 10, 38, 'ausente', 1, 1),
(472, 10, 36, 'ausente', 1, 1),
(473, 10, 43, 'ausente', 1, 1),
(474, 10, 42, 'ausente', 1, 1),
(475, 10, 26, 'ausente', 1, 1),
(476, 10, 30, 'ausente', 1, 1),
(477, 10, 39, 'ausente', 1, 1),
(478, 10, 32, 'ausente', 1, 1),
(479, 10, 41, 'ausente', 1, 1),
(480, 10, 52, 'ausente', 1, 1),
(481, 10, 45, 'ausente', 1, 1),
(482, 10, 50, 'ausente', 1, 1),
(483, 10, 53, 'ausente', 1, 1),
(484, 10, 37, 'ausente', 1, 1),
(485, 10, 47, 'ausente', 1, 1),
(486, 10, 48, 'ausente', 1, 1),
(487, 10, 44, 'ausente', 1, 1),
(488, 10, 54, 'presente', 1, 1),
(489, 10, 51, 'ausente', 1, 1),
(490, 10, 49, 'ausente', 1, 1),
(491, 10, 46, 'ausente', 1, 1),
(1011, 9, 22, 'ausente', 1, 1),
(1012, 9, 21, 'ausente', 1, 1),
(1013, 9, 28, 'ausente', 1, 1),
(1014, 9, 20, 'ausente', 1, 1),
(1015, 9, 33, 'ausente', 1, 1),
(1016, 9, 25, 'ausente', 1, 1),
(1017, 9, 34, 'ausente', 1, 1),
(1018, 9, 23, 'ausente', 1, 1),
(1019, 9, 31, 'ausente', 1, 1),
(1020, 9, 29, 'ausente', 1, 1),
(1021, 9, 35, 'ausente', 1, 1),
(1022, 9, 27, 'ausente', 1, 1),
(1023, 9, 24, 'ausente', 1, 1),
(1024, 9, 40, 'ausente', 1, 1),
(1025, 9, 38, 'ausente', 1, 1),
(1026, 9, 36, 'ausente', 1, 1),
(1027, 9, 43, 'ausente', 1, 1),
(1028, 9, 42, 'ausente', 1, 1),
(1029, 9, 26, 'ausente', 1, 1),
(1030, 9, 30, 'ausente', 1, 1),
(1031, 9, 39, 'ausente', 1, 1),
(1032, 9, 32, 'ausente', 1, 1),
(1033, 9, 41, 'ausente', 1, 1),
(1034, 9, 52, 'ausente', 1, 1),
(1035, 9, 45, 'ausente', 1, 1),
(1036, 9, 50, 'ausente', 1, 1),
(1037, 9, 53, 'ausente', 1, 1),
(1038, 9, 37, 'ausente', 1, 1),
(1039, 9, 47, 'ausente', 1, 1),
(1040, 9, 48, 'ausente', 1, 1),
(1041, 9, 44, 'ausente', 1, 1),
(1042, 9, 54, 'ausente', 1, 1),
(1043, 9, 51, 'ausente', 1, 1),
(1044, 9, 49, 'ausente', 1, 1),
(1045, 9, 46, 'ausente', 1, 1),
(1116, 14, 22, 'ausente', 1, 1),
(1117, 14, 21, 'presente', 1, 1),
(1118, 14, 28, 'ausente', 1, 1),
(1119, 14, 20, 'ausente', 1, 1),
(1120, 14, 33, 'ausente', 1, 1),
(1121, 14, 25, 'ausente', 1, 1),
(1122, 14, 34, 'ausente', 1, 1),
(1123, 14, 23, 'ausente', 1, 1),
(1124, 14, 31, 'ausente', 1, 1),
(1125, 14, 29, 'presente', 1, 1),
(1126, 14, 35, 'ausente', 1, 1),
(1127, 14, 27, 'ausente', 1, 1),
(1128, 14, 24, 'ausente', 1, 1),
(1129, 14, 40, 'ausente', 1, 1),
(1130, 14, 38, 'ausente', 1, 1),
(1131, 14, 36, 'ausente', 1, 1),
(1132, 14, 43, 'ausente', 1, 1),
(1133, 14, 42, 'ausente', 1, 1),
(1134, 14, 26, 'ausente', 1, 1),
(1135, 14, 30, 'ausente', 1, 1),
(1136, 14, 39, 'ausente', 1, 1),
(1137, 14, 32, 'ausente', 1, 1),
(1138, 14, 41, 'ausente', 1, 1),
(1139, 14, 52, 'ausente', 1, 1),
(1140, 14, 45, 'ausente', 1, 1),
(1141, 14, 50, 'ausente', 1, 1),
(1142, 14, 53, 'ausente', 1, 1),
(1143, 14, 37, 'ausente', 1, 1),
(1144, 14, 47, 'ausente', 1, 1),
(1145, 14, 48, 'ausente', 1, 1),
(1146, 14, 44, 'ausente', 1, 1),
(1147, 14, 54, 'ausente', 1, 1),
(1148, 14, 51, 'ausente', 1, 1),
(1149, 14, 49, 'ausente', 1, 1),
(1150, 14, 46, 'ausente', 1, 1),
(1185, 14, 55, 'ausente', 1, 1),
(1222, 13, 22, 'presente', 1, 1),
(1223, 13, 21, 'presente', 1, 1),
(1224, 13, 28, 'presente', 1, 1),
(1225, 13, 20, 'presente', 1, 1),
(1226, 13, 33, 'presente', 1, 1),
(1227, 13, 25, 'presente', 1, 1),
(1228, 13, 34, 'presente', 1, 1),
(1229, 13, 23, 'presente', 1, 1),
(1230, 13, 31, 'presente', 1, 1),
(1231, 13, 29, 'presente', 1, 1),
(1232, 13, 35, 'presente', 1, 1),
(1233, 13, 27, 'presente', 1, 1),
(1234, 13, 24, 'presente', 1, 1),
(1235, 13, 40, 'presente', 1, 1),
(1236, 13, 38, 'presente', 1, 1),
(1237, 13, 36, 'presente', 1, 1),
(1238, 13, 43, 'presente', 1, 1),
(1239, 13, 42, 'presente', 1, 1),
(1240, 13, 26, 'presente', 1, 1),
(1241, 13, 30, 'presente', 1, 1),
(1242, 13, 39, 'presente', 1, 1),
(1243, 13, 32, 'presente', 1, 1),
(1244, 13, 41, 'presente', 1, 1),
(1245, 13, 52, 'presente', 1, 1),
(1246, 13, 45, 'presente', 1, 1),
(1247, 13, 50, 'presente', 1, 1),
(1248, 13, 53, 'presente', 1, 1),
(1249, 13, 37, 'presente', 1, 1),
(1250, 13, 47, 'presente', 1, 1),
(1251, 13, 48, 'presente', 1, 1),
(1252, 13, 44, 'presente', 1, 1),
(1253, 13, 54, 'presente', 1, 1),
(1254, 13, 51, 'presente', 1, 1),
(1255, 13, 49, 'presente', 1, 1),
(1256, 13, 46, 'presente', 1, 1),
(1291, 12, 22, 'ausente', 1, 1),
(1292, 12, 21, 'ausente', 1, 1),
(1293, 12, 28, 'ausente', 1, 1),
(1294, 12, 20, 'presente', 1, 1),
(1295, 12, 33, 'ausente', 1, 1),
(1296, 12, 25, 'ausente', 1, 1),
(1297, 12, 34, 'ausente', 1, 1),
(1298, 12, 23, 'ausente', 1, 1),
(1299, 12, 31, 'ausente', 1, 1),
(1300, 12, 29, 'ausente', 1, 1),
(1301, 12, 35, 'ausente', 1, 1),
(1302, 12, 27, 'ausente', 1, 1),
(1303, 12, 24, 'ausente', 1, 1),
(1304, 12, 40, 'ausente', 1, 1),
(1305, 12, 38, 'ausente', 1, 1),
(1306, 12, 36, 'ausente', 1, 1),
(1307, 12, 43, 'ausente', 1, 1),
(1308, 12, 42, 'ausente', 1, 1),
(1309, 12, 26, 'ausente', 1, 1),
(1310, 12, 30, 'ausente', 1, 1),
(1311, 12, 39, 'ausente', 1, 1),
(1312, 12, 32, 'presente', 1, 1),
(1313, 12, 41, 'ausente', 1, 1),
(1314, 12, 52, 'ausente', 1, 1),
(1315, 12, 45, 'ausente', 1, 1),
(1316, 12, 50, 'ausente', 1, 1),
(1317, 12, 53, 'ausente', 1, 1),
(1318, 12, 37, 'presente', 1, 1),
(1319, 12, 47, 'ausente', 1, 1),
(1320, 12, 48, 'ausente', 1, 1),
(1321, 12, 44, 'ausente', 1, 1),
(1322, 12, 54, 'ausente', 1, 1),
(1323, 12, 51, 'ausente', 1, 1),
(1324, 12, 49, 'ausente', 1, 1),
(1325, 12, 46, 'ausente', 1, 1),
(1360, 15, 22, 'ausente', 1, 1),
(1361, 15, 21, 'ausente', 1, 1),
(1362, 15, 28, 'presente', 1, 1),
(1363, 15, 20, 'presente', 1, 1),
(1364, 15, 33, 'presente', 1, 1),
(1365, 15, 25, 'presente', 1, 1),
(1366, 15, 34, 'presente', 1, 1),
(1367, 15, 23, 'presente', 1, 1),
(1368, 15, 31, 'presente', 1, 1),
(1369, 15, 29, 'ausente', 1, 1),
(1370, 15, 35, 'presente', 1, 1),
(1371, 15, 27, 'presente', 1, 1),
(1372, 15, 24, 'ausente', 1, 1),
(1373, 15, 40, 'presente', 1, 1),
(1374, 15, 38, 'presente', 1, 1),
(1375, 15, 36, 'presente', 1, 1),
(1376, 15, 43, 'presente', 1, 1),
(1377, 15, 42, 'presente', 1, 1),
(1378, 15, 26, 'presente', 1, 1),
(1379, 15, 30, 'ausente', 1, 1),
(1380, 15, 39, 'presente', 1, 1),
(1381, 15, 32, 'presente', 1, 1),
(1382, 15, 41, 'presente', 1, 1),
(1383, 15, 52, 'presente', 1, 1),
(1384, 15, 45, 'presente', 1, 1),
(1385, 15, 50, 'presente', 1, 1),
(1386, 15, 53, 'presente', 1, 1),
(1387, 15, 37, 'presente', 1, 1),
(1388, 15, 47, 'presente', 1, 1),
(1389, 15, 48, 'presente', 1, 1),
(1390, 15, 44, 'presente', 1, 1),
(1391, 15, 54, 'presente', 1, 1),
(1392, 15, 51, 'presente', 1, 1),
(1393, 15, 49, 'presente', 1, 1),
(1394, 15, 46, 'presente', 1, 1),
(1429, 11, 20, 'ausente', 1, 1),
(1430, 11, 21, 'ausente', 1, 1),
(1431, 11, 22, 'ausente', 1, 1),
(1432, 11, 23, 'ausente', 1, 1),
(1433, 11, 27, 'ausente', 1, 1),
(1434, 11, 32, 'presente', 1, 1),
(1435, 11, 41, 'ausente', 1, 1),
(1436, 11, 45, 'ausente', 1, 1),
(1437, 11, 51, 'ausente', 1, 1),
(1438, 11, 26, 'ausente', 1, 1),
(1439, 11, 34, 'ausente', 1, 1),
(1440, 11, 24, 'ausente', 1, 1),
(1441, 11, 38, 'ausente', 1, 1),
(1442, 11, 36, 'ausente', 1, 1),
(1443, 11, 30, 'ausente', 1, 1),
(1444, 11, 25, 'presente', 1, 1),
(1445, 11, 31, 'ausente', 1, 1),
(1446, 11, 43, 'ausente', 1, 1),
(1447, 11, 33, 'ausente', 1, 1),
(1448, 11, 35, 'ausente', 1, 1),
(1449, 11, 44, 'ausente', 1, 1),
(1450, 11, 42, 'ausente', 1, 1),
(1451, 11, 29, 'ausente', 1, 1),
(1452, 11, 50, 'ausente', 1, 1),
(1453, 11, 46, 'ausente', 1, 1),
(1454, 11, 47, 'ausente', 1, 1),
(1455, 11, 37, 'ausente', 1, 1),
(1456, 11, 48, 'ausente', 1, 1),
(1457, 11, 52, 'ausente', 1, 1),
(1458, 11, 40, 'ausente', 1, 1),
(1459, 11, 53, 'ausente', 1, 1),
(1460, 11, 28, 'ausente', 1, 1),
(1461, 11, 39, 'ausente', 1, 1),
(1462, 11, 49, 'presente', 1, 1);

-- --------------------------------------------------------

--
-- Estructura de tabla para la tabla `auditoria`
--

CREATE TABLE `auditoria` (
  `id_auditoria` int(11) NOT NULL,
  `id_punto` int(11) NOT NULL,
  `id_usuario` int(11) NOT NULL,
  `fecha_anterior` datetime DEFAULT NULL,
  `nombre_anterior` varchar(255) DEFAULT NULL,
  `descripcion_anterior` text DEFAULT NULL,
  `fuente_resultado_anterior` varchar(10) DEFAULT NULL,
  `fecha_actual` datetime DEFAULT NULL,
  `nombre_actual` varchar(255) DEFAULT NULL,
  `descripcion_actual` text DEFAULT NULL,
  `fuente_resultado_actual` varchar(10) DEFAULT NULL
) ENGINE=InnoDB DEFAULT CHARSET=utf8mb4 COLLATE=utf8mb4_general_ci;

--
-- Volcado de datos para la tabla `auditoria`
--

INSERT INTO `auditoria` (`id_auditoria`, `id_punto`, `id_usuario`, `fecha_anterior`, `nombre_anterior`, `descripcion_anterior`, `fuente_resultado_anterior`, `fecha_actual`, `nombre_actual`, `descripcion_actual`, `fuente_resultado_actual`) VALUES
(17, 71, 30, '2025-07-21 23:13:39', 'resolu 1', 'prueba', NULL, '2025-07-21 23:13:39', 'resolu 1', 'prueba', '0'),
(18, 53, 19, '2025-07-17 14:22:40', 'No.052-VRA-PJQA-2025', 'prueba', NULL, '2025-07-17 14:22:40', 'No.052-VRA-PJQA-2025', 'prueba', '0'),
(19, 56, 19, '2025-07-17 14:23:09', 'resolucion punto 2', 'prueba', NULL, '2025-07-17 14:23:09', 'resolucion punto 2', 'prueba', '0'),
(20, 75, 19, '2025-07-22 13:35:41', 'resolucion de prueba', 'prueba', NULL, '2025-07-22 13:35:41', 'resolucion de prueba', 'prueba', '0'),
(21, 76, 19, '2025-07-22 13:39:42', 'resolucion de reconsideracion 2', 'prueba', NULL, '2025-07-22 13:39:42', 'resolucion de reconsideracion 2', 'prueba', '0'),
(22, 77, 19, '2025-07-22 13:43:18', 'resolucion de la copia', 'prueba', NULL, '2025-07-22 13:43:18', 'resolucion de la copia', 'prueba', '0'),
(23, 78, 30, '2025-07-22 13:49:39', 'prueba', 'prueba', NULL, '2025-07-22 13:49:39', 'prueba', 'prueba', '0'),
(24, 55, 19, '2025-07-17 14:22:53', 'No.053-VRA-PJQA-2025', 'prueba', NULL, '2025-07-17 14:22:53', 'No.053-VRA-PJQA-2025', 'prueba', '0'),
(25, 79, 19, '2025-07-22 17:07:28', 'resol', 'sol sol', NULL, '2025-07-22 17:07:28', 'resol', 'sol sol', '1'),
(26, 74, 1, '2025-07-21 23:21:31', 'resolu de reconsideracion', '1', NULL, '2025-07-21 23:21:31', 'resolu de reconsideracion', '1', '0'),
(27, 74, 1, '2025-07-21 23:21:31', 'resolu de reconsideracion', '1', '0', '2025-07-21 23:21:31', 'resolu de reconsideracion', '1', '0'),
(28, 72, 1, '2025-07-21 23:13:49', 'resolu 2 ', 'prueba', NULL, '2025-07-21 23:13:49', 'resolu 2 ', 'prueba', '1'),
(29, 80, 30, '2025-07-28 21:33:22', 'fgd', 'fgd', NULL, '2025-07-28 21:33:22', 'fgd', 'fgd', '0'),
(30, 60, 19, '2025-07-30 13:50:47', 'resolucion 1', 'prueba', NULL, '2025-07-30 13:50:47', 'resolucion 1', 'prueba', '0'),
(31, 61, 19, '2025-07-30 13:53:07', 'resolucion 2.2', 'prueba', NULL, '2025-07-30 13:53:07', 'resolucion 2.2', 'prueba', '0'),
(32, 62, 19, '2025-07-30 13:53:31', 'resolucion 2.3', 'prueba', NULL, '2025-07-30 13:53:31', 'resolucion 2.3', 'prueba', '0'),
(33, 83, 19, '2025-07-30 13:55:53', 'recosideracion', 'prueba', NULL, '2025-07-30 13:55:53', 'recosideracion', 'prueba', '0'),
(34, 63, 30, '2025-07-30 13:56:59', 'resolu', 'xd', NULL, '2025-07-30 13:56:59', 'resolu', 'xd', '0'),
(35, 58, 19, '2025-07-30 13:58:10', 'resolucion inform', 'xd', NULL, '2025-07-30 13:58:10', 'resolucion inform', 'xd', '1'),
(36, 65, 19, '2025-07-30 13:59:46', 'resolucion 3.1', 'reso', NULL, '2025-07-30 13:59:46', 'resolucion 3.1', 'reso', '0'),
(37, 66, 19, '2025-07-30 14:00:03', 'reolucion 3.2', 'res', NULL, '2025-07-30 14:00:03', 'reolucion 3.2', 'res', '0'),
(38, 83, 19, '2025-07-30 13:55:53', 'recosideracion', 'prueba', '0', '2025-07-30 13:55:53', 'recosideracion', 'prueba', '0'),
(39, 87, 19, '2025-08-06 14:31:00', 'ads', 'asd', NULL, '2025-08-06 14:31:00', 'ads', 'asd', '1'),
(40, 90, 1, '2025-08-07 12:04:31', 'resolucion 1', 'sape', NULL, '2025-08-07 12:04:31', 'resolucion 1', 'sape', '0'),
(41, 91, 1, '2025-08-07 12:07:13', 'asd', 'asd', NULL, '2025-08-07 12:07:13', 'asd', 'asd', '1'),
(42, 92, 22, '2025-08-07 12:22:30', 'asd', 'asd', NULL, '2025-08-07 12:22:30', 'asd', 'asd', '0'),
(43, 84, 23, '2025-08-04 01:29:43', 'resolucion del punto', 'resolucion actual', NULL, '2025-08-04 01:29:43', 'resolucion del punto', 'resolucion actual', '0'),
(44, 93, 1, '2025-08-07 12:27:22', 'sd', 'dsf', NULL, '2025-08-07 12:27:22', 'sd', 'dsf', '1'),
(45, 95, 22, '2025-08-07 12:31:53', 'asd', 'sad', NULL, '2025-08-07 12:31:53', 'asd', 'sad', '0'),
(46, 96, 22, '2025-08-07 12:33:28', 'sad', 'asd', NULL, '2025-08-07 12:33:28', 'sad', 'asd', '0'),
(47, 86, 19, '2025-08-11 21:28:17', 'das', 'dsa', NULL, '2025-08-11 21:28:17', 'das', 'dsa', '0'),
(48, 82, 19, '2025-08-12 16:58:13', 'Resolucion 1', 'Descriprción de preuba', NULL, '2025-08-12 16:58:13', 'Resolucion 1', 'Descriprción de preuba', '0'),
(49, 88, 19, '2025-08-11 21:26:16', 'dwf', 'fds', NULL, '2025-08-11 21:26:16', 'dwf', 'fds', '1'),
(50, 102, 19, '2025-08-12 21:10:33', 'dsf', 'dfs', NULL, '2025-08-12 21:10:33', 'dsf', 'dfs', '1'),
(53, 109, 1, '2025-08-17 14:55:41', 'asd', 'asd', NULL, '2025-08-17 14:55:41', 'asd', 'asd', '1'),
(54, 110, 1, '2025-08-17 15:01:30', 'ghf', 'hgf', NULL, '2025-08-17 15:01:30', 'ghf', 'hgf', '0'),
(55, 110, 1, '2025-08-17 15:01:30', 'ghf', 'hgf', '0', '2025-08-17 15:01:30', 'ghf', 'hgf', '0'),
(56, 111, 1, '2025-08-17 19:31:52', 'bkj', 'hjb', NULL, '2025-08-17 19:31:52', 'bkj', 'hjb', '0'),
(58, 111, 1, '2025-08-17 19:31:52', 'bkj', 'hjb', '0', '2025-08-17 19:31:52', 'bkj', 'hjb', '0'),
(59, 106, 1, '2025-08-16 00:18:24', 'asd', 'asd', NULL, '2025-08-16 00:18:24', 'asd', 'asd', '0'),
(60, 112, 22, '2025-08-17 22:29:31', 'sape', 'sape', NULL, '2025-08-17 22:29:31', 'sape', 'sape', '0'),
(61, 115, 1, '2025-08-20 19:21:53', 'resolucion 1', 'resolucion', NULL, '2025-08-20 19:21:53', 'resolucion 1', 'resolucion', '0'),
(62, 117, 1, '2025-08-20 19:32:18', 'RESOLUCION RECONSIDERACION', 'RECONSIDERACION', NULL, '2025-08-20 19:32:18', 'RESOLUCION RECONSIDERACION', 'RECONSIDERACION', '0'),
(63, 118, 1, '2025-08-20 19:33:47', 'resolucion', 'resolu', NULL, '2025-08-20 19:33:47', 'resolucion', 'resolu', '1'),
(64, 116, 1, '2025-08-20 19:35:14', 'reso', 'reso', NULL, '2025-08-20 19:35:14', 'reso', 'reso', '0'),
(65, 119, 1, '2025-08-20 19:35:35', 'resolucion', 'resolucion', NULL, '2025-08-20 19:35:35', 'resolucion', 'resolucion', '0'),
(66, 120, 1, '2025-08-28 12:48:42', 'czxd', 'ds', NULL, '2025-08-28 12:48:42', 'czxd', 'ds', '0'),
(67, 121, 1, '2025-08-28 12:49:21', 'sdf', 'sdf', NULL, '2025-08-28 12:49:21', 'sdf', 'sdf', '0'),
(69, 121, 1, '2025-08-28 12:49:21', 'sdf', 'sdf', '0', '2025-08-28 12:49:21', 'sdf', 'sdf', '0'),
(70, 123, 1, '2025-09-03 16:56:05', 'bote', 'asd', NULL, '2025-09-03 16:56:05', 'bote', 'asd', '0'),
(72, 123, 1, '2025-09-03 16:56:05', 'bote', 'asd', '0', '2025-09-03 16:56:05', 'bote', 'asd', '0'),
(73, 58, 19, '2025-07-30 13:58:10', 'resolucion inform', 'xd', '1', '2025-09-10 00:09:42', 'resolucion inform', 'resolu', '1'),
(74, 125, 19, '2025-09-10 00:49:38', 'asd', 'asd', NULL, '2025-09-10 00:49:38', 'asd', 'asd', '0'),
(75, 68, 19, '2025-09-10 00:53:51', 'resolu', 'resolu', NULL, '2025-09-10 00:53:51', 'resolu', 'resolu', '0'),
(76, 68, 19, '2025-09-10 00:53:51', 'resolu', 'resolu', '0', '2025-09-10 00:53:51', 'resolu', 'resolu', '0'),
(77, 126, 19, '2025-09-10 18:06:49', 'Resolucion', 'resolucion', NULL, '2025-09-10 18:06:49', 'Resolucion', 'resolucion', '0'),
(78, 134, 19, '2025-09-10 18:09:18', 'resolu', 'resolu\n', NULL, '2025-09-10 18:09:18', 'resolu', 'resolu\n', '0'),
(79, 114, 1, '2025-09-08 13:10:13', 'resolu', 'asd', NULL, '2025-09-08 13:10:13', 'resolu', 'asd', '0'),
(81, 114, 1, '2025-09-08 13:10:13', 'resolu', 'asd', '0', '2025-09-08 13:10:13', 'resolu', 'asd', '0'),
(82, 135, 19, '2025-09-18 20:50:48', 'resolucion', 'resoucion', NULL, '2025-09-18 20:50:48', 'resolucion', 'resoucion', '0'),
(83, 136, 19, '2025-09-18 21:01:24', 'asdasasa', 'asd', NULL, '2025-09-18 21:02:00', 'asdasasas', 'asd', NULL),
(84, 138, 21, '2025-09-18 21:02:12', 'asas', 'as', NULL, '2025-09-18 21:02:12', 'asas', 'as', '0'),
(85, 136, 19, '2025-09-18 21:02:00', 'asdasasas', 'asd', NULL, '2025-09-19 16:12:07', 'zxczxc', 'asdzxcz', NULL);

-- --------------------------------------------------------

--
-- Estructura de tabla para la tabla `documento`
--

CREATE TABLE `documento` (
  `id_documento` int(11) NOT NULL,
  `nombre` varchar(255) DEFAULT NULL,
  `url` text DEFAULT NULL,
  `fecha_subida` datetime DEFAULT NULL,
  `estado` tinyint(4) DEFAULT 1,
  `status` tinyint(4) DEFAULT 1
) ENGINE=InnoDB DEFAULT CHARSET=utf8mb4 COLLATE=utf8mb4_general_ci;

--
-- Volcado de datos para la tabla `documento`
--

INSERT INTO `documento` (`id_documento`, `nombre`, `url`, `fecha_subida`, `estado`, `status`) VALUES
(26, 'pago banda de la casa.pdf', 'https://api-voto-6ggs.onrender.com/api/subidas/1753830723077-pago_banda_de_la_casa.pdf', '2025-07-29 23:12:03', 1, 1),
(27, 'Eventos Lupulo - Junio 2025 (2).pdf', 'https://api-voto-6ggs.onrender.com/api/subidas/1753830793620-Eventos_Lupulo_-_Junio_2025_(2).pdf', '2025-07-29 23:13:13', 1, 1),
(28, 'guia_ngrok_linux.pdf', 'https://api-voto-6ggs.onrender.com/api/subidas/1754270175888-guia_ngrok_linux.pdf', '2025-08-04 01:16:15', 1, 1),
(29, 'Tesis Michael Vinces (1).pdf', 'https://api-voto-6ggs.onrender.com/api/subidas/1754271006319-Tesis_Michael_Vinces_(1).pdf', '2025-08-04 01:30:07', 1, 1),
(31, 'examen.pdf', 'https://api-voto-6ggs.onrender.com/api/subidas/1754568310226-examen.pdf', '2025-08-07 12:05:10', 1, 1),
(32, 'requi funcio.pdf', 'https://api-voto-6ggs.onrender.com/api/subidas/1754568459102-requi_funcio.pdf', '2025-08-07 12:07:39', 1, 1),
(33, 'reporte_sesion_S-FNX477_20250807_123537.pdf', 'https://api-voto-6ggs.onrender.com/api/api/subidas/reporte_sesion_S-FNX477_20250807_123537.pdf', '2025-08-07 12:35:38', 1, 1),
(35, 'Tesis Michael Vinces (3).pdf', 'https://api-voto-6ggs.onrender.com/api/subidas/1754956112628-Tesis_Michael_Vinces_(3).pdf', '2025-08-11 23:48:40', 1, 1),
(36, 'Manual de usuario.pdf', 'https://api-voto-6ggs.onrender.com/api/subidas/1755014582508-Manual_de_usuario.pdf', '2025-08-12 16:03:03', 1, 1),
(37, 'reporte_sesion_Extraordinaria 11.pdf', 'https://api-voto-6ggs.onrender.com/api/subidas/1755015350126-reporte_sesion_Extraordinaria_11.pdf', '2025-08-12 16:15:50', 1, 1),
(38, 'examen.pdf', 'https://api-voto-6ggs.onrender.com/api/subidas/1755036663529-examen.pdf', '2025-08-12 22:11:04', 1, 1),
(43, 'reporte_sesion_S007_20250820_193643.pdf', 'https://api-voto-6ggs.onrender.com/api/subidas/reporte_sesion_S007_20250820_193643.pdf', '2025-08-20 19:36:44', 1, 1),
(44, 'reporte_sesion_S006_20250903_170157.pdf', 'https://api-voto-6ggs.onrender.com/api/subidas/reporte_sesion_S006_20250903_170157.pdf', '2025-09-03 17:01:57', 1, 1),
(45, 'reporte_sesion_S002_20250910_010054.pdf', 'https://api-voto-6ggs.onrender.com/api/subidas/reporte_sesion_S002_20250910_010054.pdf', '2025-09-10 01:00:56', 1, 1),
(46, 'reporte_sesion_S008_20250910_181211.pdf', 'https://api-voto-6ggs.onrender.com/api/subidas/reporte_sesion_S008_20250910_181211.pdf', '2025-09-10 18:12:12', 1, 1),
(47, 'revista+6+Mejoramiento+de+la+seguridad+en+las+elecciones+Blockchain-Editar+2023-II.pdf', 'https://api-voto-6ggs.onrender.com/api/subidas/1758075546693-revista+6+Mejoramiento+de+la+seguridad+en+las+elecciones+Blockchain-Editar+2023-II.pdf', '2025-09-17 02:19:07', 1, 1),
(48, 'revista+6+Mejoramiento+de+la+seguridad+en+las+elecciones+Blockchain-Editar+2023-II.pdf', 'https://api-voto-6ggs.onrender.com/api/subidas/1758075841827-revista+6+Mejoramiento+de+la+seguridad+en+las+elecciones+Blockchain-Editar+2023-II.pdf', '2025-09-17 02:24:02', 1, 1),
(49, 'reporte_sesion_S001_20250917_023421.pdf', 'https://api-voto-6ggs.onrender.com/api/subidas/reporte_sesion_S001_20250917_023421.pdf', '2025-09-17 02:34:22', 1, 1);

-- --------------------------------------------------------

--
-- Estructura de tabla para la tabla `facultad`
--

CREATE TABLE `facultad` (
  `id_facultad` int(11) NOT NULL,
  `nombre` varchar(255) NOT NULL,
  `estado` tinyint(4) DEFAULT 1,
  `status` tinyint(4) DEFAULT 1
) ENGINE=InnoDB DEFAULT CHARSET=utf8mb4 COLLATE=utf8mb4_general_ci;

-- --------------------------------------------------------

--
-- Estructura de tabla para la tabla `grupo`
--

CREATE TABLE `grupo` (
  `id_grupo` int(11) NOT NULL,
  `id_sesion` int(11) NOT NULL,
  `nombre` varchar(255) DEFAULT NULL,
  `estado` tinyint(4) DEFAULT 0,
  `status` tinyint(4) DEFAULT 1
) ENGINE=InnoDB DEFAULT CHARSET=utf8mb4 COLLATE=utf8mb4_general_ci;

--
-- Volcado de datos para la tabla `grupo`
--

INSERT INTO `grupo` (`id_grupo`, `id_sesion`, `nombre`, `estado`, `status`) VALUES
(3, 8, 'grupo de prueba', 0, 1),
(4, 6, 'grupo de puntos', 0, 1),
(5, 7, 'Grupo 1753883527503', 0, 1),
(6, 7, 'Grupo 1753883945245', 0, 1),
(7, 8, 'Grupo 1754325618595', 0, 1),
(8, 8, 'grupo de prueba 1', 1, 1),
(9, 10, 'grupo de prueba', 0, 1),
(10, 9, 'Grupo 1', 0, 1),
(11, 9, 'Grupo ejemplo 2', 0, 1),
(12, 14, 'grupo 1', 1, 1),
(13, 13, 'Grupo 1758076125270', 0, 1);

-- --------------------------------------------------------

--
-- Estructura de tabla para la tabla `grupo_usuario`
--

CREATE TABLE `grupo_usuario` (
  `id_grupo_usuario` int(11) NOT NULL,
  `nombre` varchar(255) DEFAULT NULL,
  `peso` float DEFAULT NULL,
  `estado` tinyint(4) DEFAULT 1,
  `status` tinyint(4) DEFAULT 1
) ENGINE=InnoDB DEFAULT CHARSET=utf8mb4 COLLATE=utf8mb4_general_ci;

--
-- Volcado de datos para la tabla `grupo_usuario`
--

INSERT INTO `grupo_usuario` (`id_grupo_usuario`, `nombre`, `peso`, `estado`, `status`) VALUES
(1, 'rector', 1, 1, 1),
(2, 'vicerrector', 1, 1, 1),
(3, 'decano', 0.8, 1, 1),
(4, 'profesor', 1, 1, 1),
(5, 'estudiante', 0.93, 1, 1),
(6, 'trabajador', 0.7, 1, 1);

-- --------------------------------------------------------

--
-- Estructura de tabla para la tabla `miembro`
--

CREATE TABLE `miembro` (
  `id_miembro` int(11) NOT NULL,
  `id_usuario` int(11) NOT NULL,
  `estado` tinyint(4) DEFAULT 1,
  `status` tinyint(4) DEFAULT 1
) ENGINE=InnoDB DEFAULT CHARSET=utf8mb4 COLLATE=utf8mb4_general_ci;

--
-- Volcado de datos para la tabla `miembro`
--

INSERT INTO `miembro` (`id_miembro`, `id_usuario`, `estado`, `status`) VALUES
(168, 20, 1, 1),
(169, 21, 1, 1),
(170, 22, 1, 1),
(171, 23, 1, 1),
(172, 27, 1, 1),
(173, 32, 1, 1),
(174, 41, 1, 1),
(175, 45, 1, 1),
(176, 51, 1, 1),
(177, 26, 1, 1),
(178, 34, 1, 1),
(179, 24, 1, 1),
(180, 38, 1, 1),
(181, 36, 1, 1),
(182, 30, 1, 1),
(183, 25, 1, 1),
(184, 31, 1, 1),
(185, 43, 1, 1),
(186, 33, 1, 1),
(187, 35, 1, 1),
(188, 44, 1, 1),
(189, 42, 1, 1),
(190, 29, 1, 1),
(191, 50, 1, 1),
(192, 46, 1, 1),
(193, 47, 1, 1),
(194, 37, 1, 1),
(195, 48, 1, 1),
(196, 52, 1, 1),
(197, 40, 1, 1),
(198, 53, 1, 1),
(199, 28, 1, 1),
(200, 39, 1, 1),
(201, 49, 1, 1);

-- --------------------------------------------------------

--
-- Estructura de tabla para la tabla `punto`
--

CREATE TABLE `punto` (
  `id_punto` int(11) NOT NULL,
  `id_sesion` int(11) NOT NULL,
  `nombre` varchar(255) DEFAULT NULL,
  `detalle` text DEFAULT NULL,
  `orden` int(11) DEFAULT NULL,
  `es_administrativa` tinyint(4) DEFAULT 0,
  `n_afavor` int(11) DEFAULT NULL,
  `n_encontra` int(11) DEFAULT NULL,
  `n_abstencion` int(11) DEFAULT NULL,
  `p_afavor` decimal(5,2) DEFAULT NULL,
  `p_encontra` decimal(5,2) DEFAULT NULL,
  `p_abstencion` decimal(5,2) DEFAULT NULL,
  `resultado` enum('aprobada','rechazada','pendiente','empate') DEFAULT NULL,
  `tipo` enum('normal','reconsideracion','repetido') DEFAULT 'normal',
  `calculo_resultado` enum('mayoria_simple','mayoria_especial') DEFAULT 'mayoria_simple',
  `id_punto_reconsiderado` int(11) DEFAULT NULL,
  `requiere_voto_dirimente` tinyint(4) DEFAULT 0,
  `estado` tinyint(4) DEFAULT 0,
  `status` tinyint(4) DEFAULT 1
) ENGINE=InnoDB DEFAULT CHARSET=utf8mb4 COLLATE=utf8mb4_general_ci;

--
-- Volcado de datos para la tabla `punto`
--

INSERT INTO `punto` (`id_punto`, `id_sesion`, `nombre`, `detalle`, `orden`, `es_administrativa`, `n_afavor`, `n_encontra`, `n_abstencion`, `p_afavor`, `p_encontra`, `p_abstencion`, `resultado`, `tipo`, `calculo_resultado`, `id_punto_reconsiderado`, `requiere_voto_dirimente`, `estado`, `status`) VALUES
(53, 6, '1.1. Resolución No.052-VRA-PJQA-2025 de 30 de mayo de 2025. ', 'Ampliación de la oferta académica de la carrera Medicina en la Extensión Chone.', 1, 0, 14, 2, 4, 72.21, 9.81, 17.98, 'aprobada', 'normal', 'mayoria_simple', NULL, 0, 0, 1),
(55, 6, '1.2. Resolución No.053-VRA-PJQA-2025 de 30 de mayo de 2025.', 'Ampliación de la oferta académica de la carrera Odontología en la Extensión Chone.', 3, 0, 13, 4, 2, 68.88, 20.75, 10.37, 'aprobada', 'normal', 'mayoria_simple', NULL, 0, 0, 1),
(56, 6, '2. Conocimiento y Aprobación del Cronograma Electoral', 'Elecciones de Representantes Principales y Alternos de Docentes, Estudiantes y Servidores y Trabajadores al Órgano Colegiado Superior de la Universidad Laica “Eloy Alfaro” de Manabí y a los Consejos de Facultades, Extensiones y Sede. Convocatoria.', 4, 0, 13, 4, 2, 68.88, 20.75, 10.37, 'aprobada', 'normal', 'mayoria_simple', NULL, 0, 0, 1),
(57, 6, '3. Aprobación del Acta de la presente sesión.', 'Aprobación del acta', 7, 0, NULL, NULL, NULL, NULL, NULL, NULL, NULL, 'normal', 'mayoria_simple', NULL, 0, 0, 1),
(58, 7, '1. Informe del Dr. Marcos Zambrano Zambrano. PhD.', 'Rector de la Universidad Laica “Eloy Alfaro” de Manabí. ', 1, 0, NULL, NULL, NULL, NULL, NULL, NULL, 'aprobada', 'normal', 'mayoria_simple', NULL, 0, 0, 1),
(59, 7, '2. CONSEJO ACADÉMICO', 'Documentos generados por el Consejo Académico suscritos por el Dr. Pedro Quijije Anchundia, PhD., Vicerrector Académico:', 3, 0, NULL, NULL, NULL, NULL, NULL, NULL, NULL, 'normal', 'mayoria_simple', NULL, 0, 0, 1),
(60, 7, '2.1. Resolución N°045-VRA-PQA-2025 de 19 de mayo de 2025.', 'Propuesta referente al levantamiento del proceso de cambio de dedicación de los docentes titulares sea por estudios de inglés, doctorales o licencias y comisión se servicios.', 4, 0, 12, 5, 3, 59.02, 25.57, 15.41, 'aprobada', 'normal', 'mayoria_simple', NULL, 0, 0, 1),
(61, 7, '2.2. Resolución N°046-VRA-PQA-2025 de 19 de mayo de 2025.', 'Cambio de régimen de dedicación de tiempo parcial a tiempo completo solicitado por la Econ. Mercedes Davalos Quiroz, Mg., docente titular de la Carrera Economía.', 6, 0, 4, 8, 9, 17.31, 38.67, 44.02, 'pendiente', 'normal', 'mayoria_simple', NULL, 0, 0, 1),
(62, 7, '2.3. Resolución N°051-VRA-PQA-2025 de 22 de mayo de 2025. ', 'Entrega de producto de período sabático para trámite de cumplimiento, autorizado al Dr. Daniel Castro Aniyar, Ph.D., docente de la Facultad Ciencias Sociales, Derecho y Bienestar.  ', 8, 0, 4, 8, 9, 17.31, 38.67, 44.02, 'pendiente', 'normal', 'mayoria_simple', NULL, 0, 0, 1),
(63, 7, '2.4 Resolución N°002 VRA-PQA-2025 de 20 de enero de 2025', 'Recibido el 05 de marzo de 2025. Que se dé por finalizado el Plan de Perfeccionamiento Docente 2022-2025, aprobado por el OCS mediante Resolución OCS-SO-008No.120-2022 de fecha 20 de octubre de 2022; debido a que, de acuerdo al nuevo Modelo de Evaluación Externa, se debe actualizar y presentar una nueva propuesta que cumpla con los estándares actuales y los objetivos establecidos para la evaluación externa con fines de acreditación institucional.', 9, 0, 28, 3, 2, 85.53, 8.77, 5.70, 'aprobada', 'normal', 'mayoria_simple', NULL, 0, 0, 1),
(64, 7, '3. DIRECCIÓN DE ADMINISTRACIÓN DEL TALENTO HUMANO', 'Informes técnicos presentados por la Ab. Karla Loor Zambrano, Mg., Directora de Administración del Talento Humano.', 10, 0, NULL, NULL, NULL, NULL, NULL, NULL, NULL, 'normal', 'mayoria_simple', NULL, 0, 0, 1),
(65, 7, '3.1. Oficio nro.Uleam-DATH-2025-891-OF de 13 de mayo de 2025.', 'Informe técnico por regularización de licencia sin remuneración solicitada por el Psic. Armando Juárez Méndez, Mg., docente de la Facultad Ciencias Sociales, Derecho y Bienestar.', 11, 0, 7, 3, 5, 44.73, 20.60, 34.67, 'aprobada', 'normal', 'mayoria_simple', NULL, 0, 0, 1),
(66, 7, '3.2. Oficio nro.Uleam-DATH-2025-1074-OF de 06 de junio de 2025.', 'Informe técnico en relación a la solicitud presentada por la Dra. Gardenia Cedeño Marcillo, Ph.D., docente de la IES, para recontabilizar los días de período sabático autorizado, por la fecha de notificación de la Resolución.', 12, 0, 6, 3, 6, 37.69, 20.60, 41.70, 'pendiente', 'normal', 'mayoria_simple', NULL, 0, 0, 1),
(67, 7, '4. Oficio nro.: Uleam-CFCS-2025-185-O de 22 de mayo de 2025', 'Suscrito por la Dra. María Fernanda Carvajal Campos, Ph.D., Decana de la Facultad Ciencias de la Salud. Solicitud de matrícula de actualización de conocimientos por segunda ocasión, presentada por el Sr. España Gudiño Jean Carlos para el período académico 2025-2. Se adjunta informe de Procuraduría General Nro.022-2025-DPG-HHOCH, suscrito por el Ab. Héctor Ordoñez Chancay, Mg., Procurador General.', 13, 0, NULL, NULL, NULL, NULL, NULL, NULL, NULL, 'normal', 'mayoria_simple', NULL, 0, 0, 1),
(68, 7, '5. Oficio Nro. 024-ULEAM SUCRE/ECC-2025 de 14 de mayo de 2025', 'Suscrito por el Dr. Eduardo Caicedo Coello, Ph.D., Decano de la Extensión Sucre. Solicitud de exoneración por pérdida de gratuidad del Sr. Vera Santana Miguel Ángel. Se adjunta oficio nro.: Uleam-DBANU-2025-250-OF de 19 de febrero de 2025, suscrito por el Lic. Víctor Zambrano Cedeño, Mg., Director  de Bienestar, Admisión y Nivelación Universitaria, trasladando informe del Área de Trabajo Social.  ', 14, 0, 2, 1, 0, 69.23, 30.77, 0.00, 'aprobada', 'normal', 'mayoria_simple', NULL, 1, 0, 1),
(69, 7, '6. Asuntos varios', 'varios asuntos', 15, 0, NULL, NULL, NULL, NULL, NULL, NULL, NULL, 'normal', 'mayoria_simple', NULL, 0, 0, 1),
(70, 7, '7. Aprobación del Acta de la presente Sesión.', 'Aprobación del acta', 16, 0, NULL, NULL, NULL, NULL, NULL, NULL, NULL, 'normal', 'mayoria_simple', NULL, 0, 0, 1),
(71, 8, 'punto 1', 'prueba', 1, 0, 32, 1, 0, 96.70, 3.30, 0.00, 'aprobada', 'normal', 'mayoria_simple', NULL, 0, 0, 1),
(72, 8, 'punto 2', 'prueba', 3, 1, NULL, NULL, NULL, NULL, NULL, NULL, 'aprobada', 'normal', 'mayoria_simple', NULL, 0, 0, 1),
(73, 8, 'punto 3', 'prueba', 5, 0, NULL, NULL, NULL, NULL, NULL, NULL, NULL, 'normal', 'mayoria_simple', NULL, 0, 0, 1),
(74, 8, 'Reconsideración de: punto 1', 'Solicitud de reconsideración del punto \"punto 1\"', 2, 0, 1, 2, 1, 24.09, 50.00, 25.91, 'rechazada', 'reconsideracion', 'mayoria_simple', 71, 1, 0, 1),
(75, 6, 'Reconsideración de: 1.1. Resolución No.052-VRA-PJQA-2025 de 30 de mayo de 2025. ', 'Solicitud de reconsideración del punto \"1.1. Resolución No.052-VRA-PJQA-2025 de 30 de mayo de 2025. \"', 2, 0, 2, 14, 1, 12.92, 81.91, 5.17, 'rechazada', 'reconsideracion', 'mayoria_simple', 53, 0, 0, 1),
(76, 6, 'Reconsideración de: 2. Conocimiento y Aprobación del Cronograma Electoral', 'Solicitud de reconsideración del punto \"2. Conocimiento y Aprobación del Cronograma Electoral\"', 5, 0, 16, 1, 1, 88.99, 6.12, 4.89, 'aprobada', 'reconsideracion', 'mayoria_simple', 56, 0, 0, 1),
(77, 6, '2. Conocimiento y Aprobación del Cronograma Electoral (Reconsiderado)', 'Elecciones de Representantes Principales y Alternos de Docentes, Estudiantes y Servidores y Trabajadores al Órgano Colegiado Superior de la Universidad Laica “Eloy Alfaro” de Manabí y a los Consejos de Facultades, Extensiones y Sede. Convocatoria.', 6, 0, 1, 2, 13, 6.26, 13.47, 80.27, 'pendiente', 'repetido', 'mayoria_simple', 56, 0, 0, 1),
(78, 6, 'punto prueba 1', 'prueba', 8, 1, 26, 5, 1, 80.23, 16.63, 3.14, 'aprobada', 'normal', 'mayoria_simple', NULL, 0, 0, 1),
(79, 8, 'punto 4', 'asd', 6, 0, NULL, NULL, NULL, NULL, NULL, NULL, 'aprobada', 'normal', 'mayoria_simple', NULL, 0, 0, 1),
(80, 8, 'Reconsideración de: punto 4', 'Solicitud de reconsideración del punto \"punto 4\"', 7, 0, 34, 0, 0, 100.00, 0.00, 0.00, 'aprobada', 'reconsideracion', 'mayoria_simple', 79, 0, 0, 1),
(81, 8, 'punto 4 (Reconsiderado)', 'recosideracoin del punto 4', 8, 0, 0, 0, 0, 0.00, 0.00, 0.00, NULL, 'repetido', 'mayoria_simple', 79, 0, 1, 1),
(82, 9, 'Punto 1', 'prueba', 1, 0, 3, 2, 3, 36.94, 23.41, 39.65, 'pendiente', 'normal', 'mayoria_simple', NULL, 0, 0, 1),
(83, 7, 'Reconsideración de: 2.1. Resolución N°045-VRA-PQA-2025 de 19 de mayo de 2025.', 'Solicitud de reconsideración del punto \"2.1. Resolución N°045-VRA-PQA-2025 de 19 de mayo de 2025.\"', 5, 0, 5, 6, 5, 31.64, 38.06, 30.30, 'rechazada', 'reconsideracion', 'mayoria_simple', 60, 1, 0, 1),
(84, 8, 'nuevo punto', 'prueba', 9, 0, 33, 0, 0, 100.00, 0.00, 0.00, 'aprobada', 'normal', 'mayoria_simple', NULL, 0, 0, 1),
(85, 8, 'nuevo punto 2', 'punto de prueba numero 2', 11, 0, NULL, NULL, NULL, NULL, NULL, NULL, NULL, 'normal', 'mayoria_simple', NULL, 0, 0, 1),
(86, 8, 'Reconsideración de: punto 2', 'Solicitud de reconsideración del punto \"punto 2\"', 4, 1, 1, 0, 0, 100.00, 0.00, 0.00, 'aprobada', 'reconsideracion', 'mayoria_simple', 72, 0, 0, 1),
(87, 7, 'Reconsideración de: 1. Informe del Dr. Marcos Zambrano Zambrano. PhD.', 'Solicitud de reconsideración del punto \"1. Informe del Dr. Marcos Zambrano Zambrano. PhD.\"', 2, 0, 0, 0, 0, 0.00, 0.00, 0.00, 'aprobada', 'reconsideracion', 'mayoria_simple', 58, 0, 0, 1),
(88, 8, 'yyh', 'hyhy', 12, 0, NULL, NULL, NULL, NULL, NULL, NULL, 'rechazada', 'normal', 'mayoria_simple', NULL, 0, 0, 1),
(89, 8, 'punto', 'asd', 15, 0, NULL, NULL, NULL, NULL, NULL, NULL, NULL, 'normal', 'mayoria_simple', NULL, 0, 0, 1),
(90, 10, ' punto 1', 'contexto', 1, 0, 0, 2, 1, 0.00, 65.04, 34.96, 'rechazada', 'normal', 'mayoria_simple', NULL, 0, 0, 1),
(91, 10, 'punto 2', 'sape', 4, 0, NULL, NULL, NULL, NULL, NULL, NULL, 'aprobada', 'normal', 'mayoria_simple', NULL, 0, 0, 1),
(92, 10, 'Reconsideración de:  punto 1', 'Solicitud de reconsideración del punto \" punto 1\"', 2, 0, 30, 4, 0, 89.35, 10.65, 0.00, 'aprobada', 'reconsideracion', 'mayoria_simple', 90, 0, 0, 1),
(93, 10, ' punto 1 (Reconsiderado)', 'contexto', 3, 0, 0, 0, 0, 0.00, 0.00, 0.00, 'rechazada', 'repetido', 'mayoria_simple', 90, 0, 0, 1),
(94, 8, 'Reconsideración de: nuevo punto', 'Solicitud de reconsideración del punto \"nuevo punto\"', 10, 0, 0, 0, 0, 0.00, 0.00, 0.00, NULL, 'reconsideracion', 'mayoria_simple', 84, 0, 0, 1),
(95, 10, 'Reconsideración de: punto 2', 'Solicitud de reconsideración del punto \"punto 2\"', 5, 0, 33, 1, 0, 96.80, 3.20, 0.00, 'aprobada', 'reconsideracion', 'mayoria_simple', 91, 0, 0, 1),
(96, 10, 'punto 2 (Reconsiderado)', 'sape', 6, 0, 33, 0, 1, 97.03, 0.00, 2.97, 'aprobada', 'repetido', 'mayoria_simple', 91, 0, 0, 1),
(97, 11, 'Punto 1', 'Descripción del punto 1', 1, 1, NULL, NULL, NULL, NULL, NULL, NULL, NULL, 'normal', 'mayoria_simple', NULL, 0, 1, 1),
(98, 11, 'asd', 'sdf', 2, 0, NULL, NULL, NULL, NULL, NULL, NULL, NULL, 'normal', 'mayoria_simple', NULL, 0, 0, 1),
(99, 9, 'Punto 2', 'prueba', 4, 0, NULL, NULL, NULL, NULL, NULL, NULL, NULL, 'normal', 'mayoria_simple', NULL, 0, 0, 1),
(100, 9, 'Punto 3', 'prueba', 5, 0, NULL, NULL, NULL, NULL, NULL, NULL, NULL, 'normal', 'mayoria_simple', NULL, 0, 0, 1),
(101, 9, 'Punto 4', 'prueba', 6, 0, NULL, NULL, NULL, NULL, NULL, NULL, NULL, 'normal', 'mayoria_simple', NULL, 0, 0, 1),
(102, 8, 'Reconsideración de: yyh', 'Solicitud de reconsideración del punto \"yyh\"', 13, 0, 0, 0, 0, 0.00, 0.00, 0.00, 'aprobada', 'reconsideracion', 'mayoria_simple', 88, 0, 0, 1),
(103, 8, 'yyh (Reconsiderado)', 'hyhy', 14, 0, 0, 0, 0, 0.00, 0.00, 0.00, NULL, 'repetido', 'mayoria_simple', 88, 0, 1, 1),
(106, 12, 'punto 1', 'asd', 1, 0, 1, 1, 0, 51.81, 48.19, 0.00, 'aprobada', 'normal', 'mayoria_simple', NULL, 0, 0, 1),
(109, 9, 'Reconsideración de: Punto 1', 'Solicitud de reconsideración del punto \"Punto 1\"', 2, 0, 0, 0, 0, 0.00, 0.00, 0.00, 'aprobada', 'reconsideracion', 'mayoria_simple', 82, 0, 0, 1),
(110, 9, 'Punto 1 (Reconsiderado)', 'prueba', 3, 0, 1, 1, 0, 50.00, 50.00, 0.00, 'empate', 'repetido', 'mayoria_simple', 82, 1, 0, 1),
(111, 12, 'punto 2 veridico', 'asd', 4, 0, 2, 1, 1, 50.89, 25.45, 23.66, 'aprobada', 'normal', 'mayoria_simple', NULL, 0, 0, 1),
(112, 12, 'Reconsideración de: punto 1', 'Solicitud de reconsideración del punto \"punto 1\"', 2, 0, 21, 0, 0, 100.00, 0.00, 0.00, 'aprobada', 'reconsideracion', 'mayoria_simple', 106, 0, 0, 1),
(113, 11, 'prueba asistencia', 'sda', 3, 0, NULL, NULL, NULL, NULL, NULL, NULL, NULL, 'normal', 'mayoria_simple', NULL, 0, 0, 1),
(114, 13, 'punto 1', 'este es el punto 1', 2, 0, 2, 1, 0, 66.67, 33.33, 0.00, 'aprobada', 'normal', 'mayoria_simple', NULL, 1, 0, 1),
(115, 14, 'punto 1', 'Aumento de sueldo a los pofesores', 1, 0, 0, 1, 1, 0.00, 44.44, 55.56, 'pendiente', 'normal', 'mayoria_simple', NULL, 0, 0, 1),
(116, 14, 'punto 2', 'vacaciones extras', 4, 1, 2, 0, 0, 100.00, 0.00, 0.00, 'aprobada', 'normal', 'mayoria_simple', NULL, 0, 0, 1),
(117, 14, 'Reconsideración de: punto 1', 'Solicitud de reconsideración del punto \"punto 1\"', 2, 0, 2, 0, 0, 100.00, 0.00, 0.00, 'aprobada', 'reconsideracion', 'mayoria_simple', 115, 0, 0, 1),
(118, 14, 'punto 1 (Reconsiderado)', 'Aumento de sueldo a los pofesores', 3, 0, 0, 0, 0, 0.00, 0.00, 0.00, 'rechazada', 'repetido', 'mayoria_simple', 115, 0, 0, 1),
(119, 14, 'punto 3', 'punto 3', 5, 0, 2, 0, 0, 100.00, 0.00, 0.00, 'aprobada', 'normal', 'mayoria_simple', NULL, 0, 0, 1),
(120, 12, 'Reconsideración de: punto 2 veridico', 'Solicitud de reconsideración del punto \"punto 2 veridico\"', 5, 0, 1, 0, 0, 100.00, 0.00, 0.00, 'aprobada', 'reconsideracion', 'mayoria_simple', 111, 0, 0, 1),
(121, 12, 'punto 2 veridico (Reconsiderado)', 'asd', 6, 0, 4, 3, 0, 57.74, 42.26, 0.00, 'aprobada', 'repetido', 'mayoria_simple', 111, 1, 0, 1),
(122, 13, 'punto 2', 'asd', 1, 0, NULL, NULL, NULL, NULL, NULL, NULL, NULL, 'normal', 'mayoria_simple', NULL, 0, 0, 1),
(123, 12, 'punto 1 (Reconsiderado)', 'asd', 3, 0, 2, 1, 0, 66.67, 33.33, 0.00, 'aprobada', 'repetido', 'mayoria_simple', 106, 1, 0, 1),
(124, 13, 'punto 3', 'asd', 3, 0, NULL, NULL, NULL, NULL, NULL, NULL, NULL, 'normal', 'mayoria_simple', NULL, 0, 0, 1),
(125, 7, 'Reconsideración de: 2.2. Resolución N°046-VRA-PQA-2025 de 19 de mayo de 2025.', 'Solicitud de reconsideración del punto \"2.2. Resolución N°046-VRA-PQA-2025 de 19 de mayo de 2025.\"', 7, 0, 2, 0, 2, 50.00, 0.00, 50.00, 'pendiente', 'reconsideracion', 'mayoria_simple', 61, 0, 0, 1),
(126, 15, '1.1. Resolución No.052-VRA-PJQA-2025 de 30 de mayo de 2025. ', 'Ampliación de la oferta académica de la carrera Medicina en la Extensión Chone.', 1, 0, 8, 0, 1, 90.07, 0.00, 9.93, 'aprobada', 'normal', 'mayoria_simple', NULL, 0, 0, 1),
(128, 15, '1.2. Resolución No.053-VRA-PJQA-2025 de 30 de mayo de 2025.', 'Ampliación de la oferta académica de la carrera Odontología en la Extensión Chone.', 3, 0, NULL, NULL, NULL, NULL, NULL, NULL, NULL, 'normal', 'mayoria_simple', NULL, 0, 0, 1),
(129, 15, '2. Conocimiento y Aprobación del Cronograma Electoral', 'Elecciones de Representantes Principales y Alternos de Docentes, Estudiantes y Servidores y Trabajadores al Órgano Colegiado Superior de la Universidad Laica “Eloy Alfaro” de Manabí y a los Consejos de Facultades, Extensiones y Sede. Convocatoria.', 4, 0, NULL, NULL, NULL, NULL, NULL, NULL, NULL, 'normal', 'mayoria_simple', NULL, 0, 0, 1),
(132, 15, '3. Aprobación del Acta de la presente sesión.', 'Aprobación del acta', 5, 0, NULL, NULL, NULL, NULL, NULL, NULL, NULL, 'normal', 'mayoria_simple', NULL, 0, 0, 1),
(134, 15, 'Reconsideración de: 1.1. Resolución No.052-VRA-PJQA-2025 de 30 de mayo de 2025. ', 'Solicitud de reconsideración del punto \"1.1. Resolución No.052-VRA-PJQA-2025 de 30 de mayo de 2025. \"', 2, 0, 1, 5, 0, 17.68, 82.32, 0.00, 'rechazada', 'reconsideracion', 'mayoria_simple', 126, 0, 0, 1),
(135, 13, 'punto de prueba', 'p1', 4, 0, 4, 1, 3, 51.66, 12.88, 35.46, 'aprobada', 'normal', 'mayoria_simple', NULL, 0, 0, 1),
(136, 13, 'punto 5', '5', 6, 0, NULL, NULL, NULL, NULL, NULL, NULL, NULL, 'normal', 'mayoria_simple', NULL, 0, 0, 1),
(137, 13, 'Reconsideración de: punto de prueba', 'Solicitud de reconsideración del punto \"punto de prueba\"', 5, 0, 0, 0, 0, 0.00, 0.00, 0.00, NULL, 'reconsideracion', 'mayoria_simple', 135, 0, 0, 1),
(138, 13, 'punto 6', 'as', 7, 0, 21, 12, 0, 62.69, 37.31, 0.00, 'aprobada', 'normal', 'mayoria_simple', NULL, 0, 0, 1),
(139, 13, 'punto 7', 'sda', 8, 0, NULL, NULL, NULL, NULL, NULL, NULL, NULL, 'normal', 'mayoria_simple', NULL, 0, 0, 1);

-- --------------------------------------------------------

--
-- Estructura de tabla para la tabla `punto_documento`
--

CREATE TABLE `punto_documento` (
  `id_punto_documento` int(11) NOT NULL,
  `id_punto` int(11) NOT NULL,
  `id_documento` int(11) NOT NULL,
  `estado` tinyint(4) DEFAULT 1,
  `status` tinyint(4) DEFAULT 1
) ENGINE=InnoDB DEFAULT CHARSET=utf8mb4 COLLATE=utf8mb4_general_ci;

--
-- Volcado de datos para la tabla `punto_documento`
--

INSERT INTO `punto_documento` (`id_punto_documento`, `id_punto`, `id_documento`, `estado`, `status`) VALUES
(3, 71, 27, 1, 1),
(4, 84, 29, 1, 1),
(5, 90, 31, 1, 1),
(6, 60, 36, 1, 1),
(7, 53, 38, 1, 1),
(8, 126, 38, 1, 1),
(9, 114, 48, 1, 1);

-- --------------------------------------------------------

--
-- Estructura de tabla para la tabla `punto_grupo`
--

CREATE TABLE `punto_grupo` (
  `id_punto_grupo` int(11) NOT NULL,
  `id_grupo` int(11) NOT NULL,
  `id_punto` int(11) NOT NULL,
  `estado` tinyint(4) DEFAULT 1,
  `status` tinyint(4) DEFAULT 1
) ENGINE=InnoDB DEFAULT CHARSET=utf8mb4 COLLATE=utf8mb4_general_ci;

--
-- Volcado de datos para la tabla `punto_grupo`
--

INSERT INTO `punto_grupo` (`id_punto_grupo`, `id_grupo`, `id_punto`, `estado`, `status`) VALUES
(6, 3, 72, 1, 1),
(7, 3, 73, 1, 1),
(8, 4, 55, 1, 1),
(9, 4, 56, 1, 1),
(10, 5, 61, 1, 1),
(11, 5, 62, 1, 1),
(12, 6, 65, 1, 1),
(13, 6, 66, 1, 1),
(14, 7, 81, 1, 1),
(15, 7, 84, 1, 1),
(16, 8, 84, 1, 1),
(17, 8, 85, 1, 1),
(18, 9, 90, 1, 1),
(19, 9, 91, 1, 1),
(20, 10, 82, 1, 1),
(21, 10, 99, 1, 1),
(22, 11, 100, 1, 1),
(23, 11, 101, 1, 1),
(24, 12, 116, 1, 1),
(25, 12, 119, 1, 1),
(26, 13, 122, 1, 1),
(27, 13, 124, 1, 1);

-- --------------------------------------------------------

--
-- Estructura de tabla para la tabla `punto_usuario`
--

CREATE TABLE `punto_usuario` (
  `id_punto_usuario` int(11) NOT NULL,
  `id_punto` int(11) NOT NULL,
  `id_usuario` int(11) NOT NULL,
  `opcion` enum('afavor','encontra','abstencion') DEFAULT NULL,
  `es_razonado` tinyint(4) DEFAULT 0,
  `votante` int(11) DEFAULT NULL,
  `es_principal` tinyint(4) DEFAULT 1,
  `fecha` datetime DEFAULT NULL,
  `estado` tinyint(4) DEFAULT 0,
  `status` tinyint(4) DEFAULT 1
) ENGINE=InnoDB DEFAULT CHARSET=utf8mb4 COLLATE=utf8mb4_general_ci;

--
-- Volcado de datos para la tabla `punto_usuario`
--

INSERT INTO `punto_usuario` (`id_punto_usuario`, `id_punto`, `id_usuario`, `opcion`, `es_razonado`, `votante`, `es_principal`, `fecha`, `estado`, `status`) VALUES
(1836, 53, 30, NULL, 0, NULL, 1, NULL, 1, 1),
(1837, 53, 21, NULL, 0, NULL, 1, NULL, 1, 1),
(1838, 53, 29, NULL, 0, NULL, 1, NULL, 1, 1),
(1839, 53, 22, 'encontra', 0, 22, 1, '2025-07-22 13:30:43', 1, 1),
(1840, 53, 32, NULL, 0, NULL, 1, NULL, 1, 1),
(1841, 53, 28, 'afavor', 0, 28, 1, '2025-07-22 13:26:50', 1, 1),
(1842, 53, 38, 'afavor', 0, 38, 1, '2025-07-22 13:26:57', 1, 1),
(1843, 53, 42, NULL, 0, NULL, 1, NULL, 1, 1),
(1844, 53, 53, 'abstencion', 0, 53, 1, '2025-07-22 13:26:46', 1, 1),
(1845, 53, 31, 'afavor', 0, 31, 1, '2025-07-22 13:28:28', 1, 1),
(1846, 53, 26, 'encontra', 0, 26, 1, '2025-07-22 13:27:37', 1, 1),
(1847, 53, 39, 'afavor', 0, 39, 1, '2025-07-22 13:28:56', 1, 1),
(1848, 53, 33, NULL, 0, NULL, 1, NULL, 1, 1),
(1849, 53, 52, NULL, 0, NULL, 1, NULL, 1, 1),
(1850, 53, 34, 'afavor', 0, 34, 1, '2025-07-22 13:29:11', 1, 1),
(1851, 53, 25, NULL, 0, NULL, 1, NULL, 1, 1),
(1852, 53, 24, NULL, 0, NULL, 1, NULL, 1, 1),
(1853, 53, 43, 'afavor', 0, 43, 1, '2025-07-22 13:26:49', 1, 1),
(1854, 53, 48, NULL, 0, NULL, 1, NULL, 1, 1),
(1855, 53, 51, 'afavor', 1, 51, 1, '2025-07-22 13:28:39', 1, 1),
(1856, 53, 50, 'afavor', 0, 50, 1, '2025-07-22 13:26:49', 1, 1),
(1857, 53, 49, 'afavor', 0, 49, 1, '2025-07-22 13:28:12', 1, 1),
(1858, 53, 36, NULL, 0, NULL, 1, NULL, 1, 1),
(1859, 53, 41, 'encontra', 1, 41, 1, '2025-07-22 13:26:20', 1, 1),
(1860, 53, 23, 'abstencion', 0, 23, 1, '2025-07-22 13:26:59', 1, 1),
(1861, 53, 27, 'abstencion', 0, 27, 1, '2025-07-22 13:26:58', 1, 1),
(1862, 53, 44, 'afavor', 0, 44, 1, '2025-07-22 13:26:39', 1, 1),
(1863, 53, 47, 'afavor', 0, 47, 1, '2025-07-22 13:26:32', 1, 1),
(1864, 53, 45, 'afavor', 0, 45, 1, '2025-07-22 13:28:14', 1, 1),
(1865, 53, 46, NULL, 0, NULL, 1, NULL, 1, 1),
(1866, 53, 20, NULL, 0, NULL, 1, NULL, 0, 1),
(1867, 53, 40, NULL, 0, NULL, 1, NULL, 1, 1),
(1868, 53, 35, 'afavor', 0, 35, 1, '2025-07-22 13:30:19', 1, 1),
(1869, 53, 37, 'afavor', 0, 37, 1, '2025-07-22 13:27:33', 1, 1),
(1904, 55, 30, NULL, 0, NULL, 1, NULL, 1, 1),
(1905, 55, 21, NULL, 0, NULL, 1, NULL, 1, 1),
(1906, 55, 29, NULL, 0, NULL, 1, NULL, 1, 1),
(1907, 55, 22, 'abstencion', 0, 22, 1, '2025-07-22 13:32:36', 1, 1),
(1908, 55, 32, NULL, 0, NULL, 1, NULL, 1, 1),
(1909, 55, 28, 'afavor', 0, 28, 1, '2025-07-22 13:32:03', 1, 1),
(1910, 55, 38, 'afavor', 0, 38, 1, '2025-07-22 13:32:50', 1, 1),
(1911, 55, 42, NULL, 0, NULL, 1, NULL, 1, 1),
(1912, 55, 53, 'afavor', 0, 53, 1, '2025-07-22 13:32:17', 1, 1),
(1913, 55, 31, 'afavor', 0, 31, 1, '2025-07-22 13:34:06', 1, 1),
(1914, 55, 26, NULL, 0, NULL, 1, NULL, 1, 1),
(1915, 55, 39, 'afavor', 0, 39, 1, '2025-07-22 13:32:20', 1, 1),
(1916, 55, 33, NULL, 0, NULL, 1, NULL, 1, 1),
(1917, 55, 52, 'afavor', 1, 52, 1, '2025-07-22 13:33:13', 1, 1),
(1918, 55, 34, 'encontra', 0, 34, 1, '2025-07-22 13:34:27', 1, 1),
(1919, 55, 25, 'encontra', 0, 25, 1, '2025-07-22 13:33:47', 1, 1),
(1920, 55, 24, NULL, 0, NULL, 1, NULL, 1, 1),
(1921, 55, 43, 'afavor', 0, 43, 1, '2025-07-22 13:32:31', 1, 1),
(1922, 55, 48, NULL, 0, NULL, 1, NULL, 1, 1),
(1923, 55, 51, 'afavor', 0, 51, 1, '2025-07-22 13:33:37', 1, 1),
(1924, 55, 50, 'afavor', 0, 50, 1, '2025-07-22 13:31:59', 1, 1),
(1925, 55, 49, NULL, 0, NULL, 1, NULL, 1, 1),
(1926, 55, 36, NULL, 0, NULL, 1, NULL, 1, 1),
(1927, 55, 41, 'encontra', 1, 41, 1, '2025-07-22 13:31:37', 1, 1),
(1928, 55, 23, 'encontra', 0, 23, 1, '2025-07-22 13:31:43', 1, 1),
(1929, 55, 27, 'abstencion', 0, 27, 1, '2025-07-22 13:32:16', 1, 1),
(1930, 55, 44, 'afavor', 0, 44, 1, '2025-07-22 13:32:27', 1, 1),
(1931, 55, 47, 'afavor', 0, 47, 1, '2025-07-22 13:32:08', 1, 1),
(1932, 55, 45, 'afavor', 0, 45, 1, '2025-07-22 13:32:29', 1, 1),
(1933, 55, 46, NULL, 0, NULL, 1, NULL, 1, 1),
(1934, 55, 20, NULL, 0, NULL, 1, NULL, 0, 1),
(1935, 55, 40, NULL, 0, NULL, 1, NULL, 1, 1),
(1936, 55, 35, 'afavor', 0, 35, 1, '2025-07-22 13:31:55', 1, 1),
(1937, 55, 37, NULL, 0, NULL, 1, NULL, 1, 1),
(1938, 56, 30, NULL, 0, NULL, 1, NULL, 1, 1),
(1939, 56, 21, NULL, 0, NULL, 1, NULL, 1, 1),
(1940, 56, 29, NULL, 0, NULL, 1, NULL, 1, 1),
(1941, 56, 22, 'abstencion', 0, 22, 1, '2025-07-22 13:32:37', 1, 1),
(1942, 56, 32, NULL, 0, NULL, 1, NULL, 1, 1),
(1943, 56, 28, 'afavor', 0, 28, 1, '2025-07-22 13:32:03', 1, 1),
(1944, 56, 38, 'afavor', 0, 38, 1, '2025-07-22 13:32:50', 1, 1),
(1945, 56, 42, NULL, 0, NULL, 1, NULL, 1, 1),
(1946, 56, 53, 'afavor', 0, 53, 1, '2025-07-22 13:32:18', 1, 1),
(1947, 56, 31, 'afavor', 0, 31, 1, '2025-07-22 13:34:06', 1, 1),
(1948, 56, 26, NULL, 0, NULL, 1, NULL, 1, 1),
(1949, 56, 39, 'afavor', 0, 39, 1, '2025-07-22 13:32:21', 1, 1),
(1950, 56, 33, NULL, 0, NULL, 1, NULL, 1, 1),
(1951, 56, 52, 'afavor', 1, 52, 1, '2025-07-22 13:33:13', 1, 1),
(1952, 56, 34, 'encontra', 0, 34, 1, '2025-07-22 13:34:27', 1, 1),
(1953, 56, 25, 'encontra', 0, 25, 1, '2025-07-22 13:33:47', 1, 1),
(1954, 56, 24, NULL, 0, NULL, 1, NULL, 1, 1),
(1955, 56, 43, 'afavor', 0, 43, 1, '2025-07-22 13:32:31', 1, 1),
(1956, 56, 48, NULL, 0, NULL, 1, NULL, 1, 1),
(1957, 56, 51, 'afavor', 0, 51, 1, '2025-07-22 13:33:38', 1, 1),
(1958, 56, 50, 'afavor', 0, 50, 1, '2025-07-22 13:32:00', 1, 1),
(1959, 56, 49, NULL, 0, NULL, 1, NULL, 1, 1),
(1960, 56, 36, NULL, 0, NULL, 1, NULL, 1, 1),
(1961, 56, 41, 'encontra', 1, 41, 1, '2025-07-22 13:31:38', 1, 1),
(1962, 56, 23, 'encontra', 0, 23, 1, '2025-07-22 13:31:43', 1, 1),
(1963, 56, 27, 'abstencion', 0, 27, 1, '2025-07-22 13:32:16', 1, 1),
(1964, 56, 44, 'afavor', 0, 44, 1, '2025-07-22 13:32:27', 1, 1),
(1965, 56, 47, 'afavor', 0, 47, 1, '2025-07-22 13:32:08', 1, 1),
(1966, 56, 45, 'afavor', 0, 45, 1, '2025-07-22 13:32:30', 1, 1),
(1967, 56, 46, NULL, 0, NULL, 1, NULL, 1, 1),
(1968, 56, 20, NULL, 0, NULL, 1, NULL, 0, 1),
(1969, 56, 40, NULL, 0, NULL, 1, NULL, 1, 1),
(1970, 56, 35, 'afavor', 0, 35, 1, '2025-07-22 13:31:55', 1, 1),
(1971, 56, 37, NULL, 0, NULL, 1, NULL, 1, 1),
(1972, 57, 30, NULL, 0, NULL, 1, NULL, 1, 1),
(1973, 57, 21, NULL, 0, NULL, 1, NULL, 1, 1),
(1974, 57, 29, NULL, 0, NULL, 1, NULL, 1, 1),
(1975, 57, 22, NULL, 0, NULL, 1, NULL, 1, 1),
(1976, 57, 32, NULL, 0, NULL, 1, NULL, 1, 1),
(1977, 57, 28, NULL, 0, NULL, 1, NULL, 1, 1),
(1978, 57, 38, NULL, 0, NULL, 1, NULL, 1, 1),
(1979, 57, 42, NULL, 0, NULL, 1, NULL, 1, 1),
(1980, 57, 53, NULL, 0, NULL, 1, NULL, 1, 1),
(1981, 57, 31, NULL, 0, NULL, 1, NULL, 1, 1),
(1982, 57, 26, NULL, 0, NULL, 1, NULL, 1, 1),
(1983, 57, 39, NULL, 0, NULL, 1, NULL, 1, 1),
(1984, 57, 33, NULL, 0, NULL, 1, NULL, 1, 1),
(1985, 57, 52, NULL, 0, NULL, 1, NULL, 1, 1),
(1986, 57, 34, NULL, 0, NULL, 1, NULL, 1, 1),
(1987, 57, 25, NULL, 0, NULL, 1, NULL, 1, 1),
(1988, 57, 24, NULL, 0, NULL, 1, NULL, 1, 1),
(1989, 57, 43, NULL, 0, NULL, 1, NULL, 1, 1),
(1990, 57, 48, NULL, 0, NULL, 1, NULL, 1, 1),
(1991, 57, 51, NULL, 0, NULL, 1, NULL, 1, 1),
(1992, 57, 50, NULL, 0, NULL, 1, NULL, 1, 1),
(1993, 57, 49, NULL, 0, NULL, 1, NULL, 1, 1),
(1994, 57, 36, NULL, 0, NULL, 1, NULL, 1, 1),
(1995, 57, 41, NULL, 0, NULL, 1, NULL, 1, 1),
(1996, 57, 23, NULL, 0, NULL, 1, NULL, 1, 1),
(1997, 57, 27, NULL, 0, NULL, 1, NULL, 1, 1),
(1998, 57, 44, NULL, 0, NULL, 1, NULL, 1, 1),
(1999, 57, 47, NULL, 0, NULL, 1, NULL, 1, 1),
(2000, 57, 45, NULL, 0, NULL, 1, NULL, 1, 1),
(2001, 57, 46, NULL, 0, NULL, 1, NULL, 1, 1),
(2002, 57, 20, NULL, 0, NULL, 1, NULL, 0, 1),
(2003, 57, 40, NULL, 0, NULL, 1, NULL, 1, 1),
(2004, 57, 35, NULL, 0, NULL, 1, NULL, 1, 1),
(2005, 57, 37, NULL, 0, NULL, 1, NULL, 1, 1),
(2006, 58, 30, NULL, 0, NULL, 1, NULL, 1, 1),
(2007, 58, 21, NULL, 0, NULL, 1, NULL, 1, 1),
(2008, 58, 29, NULL, 0, NULL, 1, NULL, 1, 1),
(2009, 58, 22, NULL, 0, NULL, 1, NULL, 1, 1),
(2010, 58, 32, NULL, 0, NULL, 1, NULL, 1, 1),
(2011, 58, 28, NULL, 0, NULL, 1, NULL, 1, 1),
(2012, 58, 38, NULL, 0, NULL, 1, NULL, 1, 1),
(2013, 58, 42, NULL, 0, NULL, 1, NULL, 1, 1),
(2014, 58, 53, NULL, 0, NULL, 1, NULL, 1, 1),
(2015, 58, 31, NULL, 0, NULL, 1, NULL, 1, 1),
(2016, 58, 26, NULL, 0, NULL, 1, NULL, 1, 1),
(2017, 58, 39, NULL, 0, NULL, 1, NULL, 1, 1),
(2018, 58, 33, NULL, 0, NULL, 1, NULL, 1, 1),
(2019, 58, 52, NULL, 0, NULL, 1, NULL, 1, 1),
(2020, 58, 34, NULL, 0, NULL, 1, NULL, 1, 1),
(2021, 58, 25, NULL, 0, NULL, 1, NULL, 1, 1),
(2022, 58, 24, NULL, 0, NULL, 1, NULL, 1, 1),
(2023, 58, 43, NULL, 0, NULL, 1, NULL, 1, 1),
(2024, 58, 48, NULL, 0, NULL, 1, NULL, 1, 1),
(2025, 58, 51, NULL, 0, NULL, 1, NULL, 1, 1),
(2026, 58, 50, NULL, 0, NULL, 1, NULL, 1, 1),
(2027, 58, 49, NULL, 0, NULL, 1, NULL, 1, 1),
(2028, 58, 36, NULL, 0, NULL, 1, NULL, 1, 1),
(2029, 58, 41, NULL, 0, NULL, 1, NULL, 1, 1),
(2030, 58, 23, NULL, 0, NULL, 1, NULL, 1, 1),
(2031, 58, 27, NULL, 0, NULL, 1, NULL, 1, 1),
(2032, 58, 44, NULL, 0, NULL, 1, NULL, 1, 1),
(2033, 58, 47, NULL, 0, NULL, 1, NULL, 1, 1),
(2034, 58, 45, NULL, 0, NULL, 1, NULL, 1, 1),
(2035, 58, 46, NULL, 0, NULL, 1, NULL, 1, 1),
(2036, 58, 20, NULL, 0, NULL, 1, NULL, 0, 1),
(2037, 58, 40, NULL, 0, NULL, 1, NULL, 1, 1),
(2038, 58, 35, NULL, 0, NULL, 1, NULL, 1, 1),
(2039, 58, 37, NULL, 0, NULL, 1, NULL, 1, 1),
(2040, 59, 30, NULL, 0, NULL, 1, NULL, 1, 1),
(2041, 59, 21, NULL, 0, NULL, 1, NULL, 1, 1),
(2042, 59, 29, NULL, 0, NULL, 1, NULL, 1, 1),
(2043, 59, 22, NULL, 0, NULL, 1, NULL, 1, 1),
(2044, 59, 32, NULL, 0, NULL, 1, NULL, 1, 1),
(2045, 59, 28, NULL, 0, NULL, 1, NULL, 1, 1),
(2046, 59, 38, NULL, 0, NULL, 1, NULL, 1, 1),
(2047, 59, 42, NULL, 0, NULL, 1, NULL, 1, 1),
(2048, 59, 53, NULL, 0, NULL, 1, NULL, 1, 1),
(2049, 59, 31, NULL, 0, NULL, 1, NULL, 1, 1),
(2050, 59, 26, NULL, 0, NULL, 1, NULL, 1, 1),
(2051, 59, 39, NULL, 0, NULL, 1, NULL, 1, 1),
(2052, 59, 33, NULL, 0, NULL, 1, NULL, 1, 1),
(2053, 59, 52, NULL, 0, NULL, 1, NULL, 1, 1),
(2054, 59, 34, NULL, 0, NULL, 1, NULL, 1, 1),
(2055, 59, 25, NULL, 0, NULL, 1, NULL, 1, 1),
(2056, 59, 24, NULL, 0, NULL, 1, NULL, 1, 1),
(2057, 59, 43, NULL, 0, NULL, 1, NULL, 1, 1),
(2058, 59, 48, NULL, 0, NULL, 1, NULL, 1, 1),
(2059, 59, 51, NULL, 0, NULL, 1, NULL, 1, 1),
(2060, 59, 50, NULL, 0, NULL, 1, NULL, 1, 1),
(2061, 59, 49, NULL, 0, NULL, 1, NULL, 1, 1),
(2062, 59, 36, NULL, 0, NULL, 1, NULL, 1, 1),
(2063, 59, 41, NULL, 0, NULL, 1, NULL, 1, 1),
(2064, 59, 23, NULL, 0, NULL, 1, NULL, 1, 1),
(2065, 59, 27, NULL, 0, NULL, 1, NULL, 1, 1),
(2066, 59, 44, NULL, 0, NULL, 1, NULL, 1, 1),
(2067, 59, 47, NULL, 0, NULL, 1, NULL, 1, 1),
(2068, 59, 45, NULL, 0, NULL, 1, NULL, 1, 1),
(2069, 59, 46, NULL, 0, NULL, 1, NULL, 1, 1),
(2070, 59, 20, NULL, 0, NULL, 1, NULL, 0, 1),
(2071, 59, 40, NULL, 0, NULL, 1, NULL, 1, 1),
(2072, 59, 35, NULL, 0, NULL, 1, NULL, 1, 1),
(2073, 59, 37, NULL, 0, NULL, 1, NULL, 1, 1),
(2074, 60, 30, NULL, 0, NULL, 1, NULL, 1, 1),
(2075, 60, 21, NULL, 0, NULL, 1, NULL, 1, 1),
(2076, 60, 29, NULL, 0, NULL, 1, NULL, 1, 1),
(2077, 60, 22, NULL, 0, NULL, 1, NULL, 1, 1),
(2078, 60, 32, NULL, 0, NULL, 1, NULL, 1, 1),
(2079, 60, 28, 'afavor', 1, 28, 1, '2025-07-30 13:51:46', 1, 1),
(2080, 60, 38, 'abstencion', 0, 38, 1, '2025-07-30 13:50:40', 1, 1),
(2081, 60, 42, 'afavor', 1, 42, 1, '2025-07-30 13:50:48', 1, 1),
(2082, 60, 53, 'afavor', 0, 53, 1, '2025-07-30 13:51:04', 1, 1),
(2083, 60, 31, NULL, 0, NULL, 1, NULL, 1, 1),
(2084, 60, 26, NULL, 0, NULL, 1, NULL, 1, 1),
(2085, 60, 39, 'encontra', 0, 39, 1, '2025-07-30 13:50:30', 1, 1),
(2086, 60, 33, 'afavor', 0, 33, 1, '2025-07-30 13:51:16', 1, 1),
(2087, 60, 52, 'afavor', 0, 52, 1, '2025-07-30 13:51:08', 1, 1),
(2088, 60, 34, 'encontra', 0, 34, 1, '2025-07-30 13:50:28', 1, 1),
(2089, 60, 25, NULL, 0, NULL, 1, NULL, 1, 1),
(2090, 60, 24, NULL, 0, NULL, 1, NULL, 1, 1),
(2091, 60, 43, 'afavor', 0, 43, 1, '2025-07-30 13:50:58', 1, 1),
(2092, 60, 48, NULL, 0, NULL, 1, NULL, 1, 1),
(2093, 60, 51, 'afavor', 0, 51, 1, '2025-07-30 13:50:06', 1, 1),
(2094, 60, 50, 'encontra', 0, 50, 1, '2025-07-30 13:50:18', 1, 1),
(2095, 60, 49, 'afavor', 0, 49, 1, '2025-07-30 13:50:52', 1, 1),
(2096, 60, 36, 'afavor', 0, 36, 1, '2025-07-30 13:51:37', 1, 1),
(2097, 60, 41, 'encontra', 0, 41, 1, '2025-07-30 13:50:13', 1, 1),
(2098, 60, 23, NULL, 0, NULL, 1, NULL, 1, 1),
(2099, 60, 27, NULL, 0, NULL, 1, NULL, 1, 1),
(2100, 60, 44, 'afavor', 0, 44, 1, '2025-07-30 13:50:50', 1, 1),
(2101, 60, 47, 'abstencion', 0, 47, 1, '2025-07-30 13:50:44', 1, 1),
(2102, 60, 45, 'encontra', 0, 45, 1, '2025-07-30 13:50:51', 1, 1),
(2103, 60, 46, 'afavor', 1, 46, 1, '2025-07-30 13:51:31', 1, 1),
(2104, 60, 20, NULL, 0, NULL, 1, NULL, 0, 1),
(2105, 60, 40, 'abstencion', 0, 40, 1, '2025-07-30 13:50:10', 1, 1),
(2106, 60, 35, 'afavor', 0, 35, 1, '2025-07-30 13:50:54', 1, 1),
(2107, 60, 37, NULL, 0, NULL, 1, NULL, 1, 1),
(2108, 61, 30, NULL, 0, NULL, 1, NULL, 1, 1),
(2109, 61, 21, NULL, 0, NULL, 1, NULL, 1, 1),
(2110, 61, 29, NULL, 0, NULL, 1, NULL, 1, 1),
(2111, 61, 22, NULL, 0, NULL, 1, NULL, 1, 1),
(2112, 61, 32, NULL, 0, NULL, 1, NULL, 1, 1),
(2113, 61, 28, 'afavor', 1, 28, 1, '2025-07-30 13:53:06', 1, 1),
(2114, 61, 38, 'encontra', 0, 38, 1, '2025-07-30 13:52:39', 1, 1),
(2115, 61, 42, 'abstencion', 1, 42, 1, '2025-07-30 13:52:46', 1, 1),
(2116, 61, 53, 'afavor', 0, 53, 1, '2025-07-30 13:53:07', 1, 1),
(2117, 61, 31, NULL, 0, NULL, 1, NULL, 1, 1),
(2118, 61, 26, NULL, 0, NULL, 1, NULL, 1, 1),
(2119, 61, 39, 'abstencion', 0, 39, 1, '2025-07-30 13:52:46', 1, 1),
(2120, 61, 33, 'abstencion', 0, 33, 1, '2025-07-30 13:52:50', 1, 1),
(2121, 61, 52, 'abstencion', 0, 52, 1, '2025-07-30 13:53:32', 1, 1),
(2122, 61, 34, 'abstencion', 0, 34, 1, '2025-07-30 13:53:12', 1, 1),
(2123, 61, 25, NULL, 0, NULL, 1, NULL, 1, 1),
(2124, 61, 24, NULL, 0, NULL, 1, NULL, 1, 1),
(2125, 61, 43, 'encontra', 0, 43, 1, '2025-07-30 13:53:31', 1, 1),
(2126, 61, 48, NULL, 0, NULL, 1, NULL, 1, 1),
(2127, 61, 51, 'encontra', 0, 51, 1, '2025-07-30 13:52:38', 1, 1),
(2128, 61, 50, 'abstencion', 1, 50, 1, '2025-07-30 13:53:37', 1, 1),
(2129, 61, 49, 'encontra', 0, 49, 1, '2025-07-30 13:52:56', 1, 1),
(2130, 61, 36, 'afavor', 1, 36, 1, '2025-07-30 13:53:03', 1, 1),
(2131, 61, 41, 'encontra', 0, 41, 1, '2025-07-30 13:52:33', 1, 1),
(2132, 61, 23, NULL, 0, NULL, 1, NULL, 1, 1),
(2133, 61, 27, 'encontra', 1, 27, 1, '2025-07-30 13:59:19', 1, 1),
(2134, 61, 44, 'abstencion', 0, 44, 1, '2025-07-30 13:52:47', 1, 1),
(2135, 61, 47, 'abstencion', 0, 47, 1, '2025-07-30 13:52:39', 1, 1),
(2136, 61, 45, 'afavor', 0, 45, 1, '2025-07-30 13:53:26', 1, 1),
(2137, 61, 46, 'abstencion', 0, 46, 1, '2025-07-30 13:52:41', 1, 1),
(2138, 61, 20, NULL, 0, NULL, 1, NULL, 0, 1),
(2139, 61, 40, 'encontra', 0, 40, 1, '2025-07-30 13:52:38', 1, 1),
(2140, 61, 35, 'encontra', 0, 35, 1, '2025-07-30 13:52:36', 1, 1),
(2141, 61, 37, NULL, 0, NULL, 1, NULL, 1, 1),
(2142, 62, 30, NULL, 0, NULL, 1, NULL, 1, 1),
(2143, 62, 21, NULL, 0, NULL, 1, NULL, 1, 1),
(2144, 62, 29, NULL, 0, NULL, 1, NULL, 1, 1),
(2145, 62, 22, NULL, 0, NULL, 1, NULL, 1, 1),
(2146, 62, 32, NULL, 0, NULL, 1, NULL, 1, 1),
(2147, 62, 28, 'afavor', 1, 28, 1, '2025-07-30 13:53:07', 1, 1),
(2148, 62, 38, 'encontra', 0, 38, 1, '2025-07-30 13:52:40', 1, 1),
(2149, 62, 42, 'abstencion', 1, 42, 1, '2025-07-30 13:52:46', 1, 1),
(2150, 62, 53, 'afavor', 0, 53, 1, '2025-07-30 13:53:07', 1, 1),
(2151, 62, 31, NULL, 0, NULL, 1, NULL, 1, 1),
(2152, 62, 26, NULL, 0, NULL, 1, NULL, 1, 1),
(2153, 62, 39, 'abstencion', 0, 39, 1, '2025-07-30 13:52:47', 1, 1),
(2154, 62, 33, 'abstencion', 0, 33, 1, '2025-07-30 13:52:50', 1, 1),
(2155, 62, 52, 'abstencion', 0, 52, 1, '2025-07-30 13:53:32', 1, 1),
(2156, 62, 34, 'abstencion', 0, 34, 1, '2025-07-30 13:53:13', 1, 1),
(2157, 62, 25, NULL, 0, NULL, 1, NULL, 1, 1),
(2158, 62, 24, NULL, 0, NULL, 1, NULL, 1, 1),
(2159, 62, 43, 'encontra', 0, 43, 1, '2025-07-30 13:53:31', 1, 1),
(2160, 62, 48, NULL, 0, NULL, 1, NULL, 1, 1),
(2161, 62, 51, 'encontra', 0, 51, 1, '2025-07-30 13:52:39', 1, 1),
(2162, 62, 50, 'abstencion', 1, 50, 1, '2025-07-30 13:53:38', 1, 1),
(2163, 62, 49, 'encontra', 0, 49, 1, '2025-07-30 13:52:57', 1, 1),
(2164, 62, 36, 'afavor', 1, 36, 1, '2025-07-30 13:53:04', 1, 1),
(2165, 62, 41, 'encontra', 0, 41, 1, '2025-07-30 13:52:33', 1, 1),
(2166, 62, 23, NULL, 0, NULL, 1, NULL, 1, 1),
(2167, 62, 27, 'encontra', 1, 27, 1, '2025-07-30 13:59:19', 1, 1),
(2168, 62, 44, 'abstencion', 0, 44, 1, '2025-07-30 13:52:47', 1, 1),
(2169, 62, 47, 'abstencion', 0, 47, 1, '2025-07-30 13:52:39', 1, 1),
(2170, 62, 45, 'afavor', 0, 45, 1, '2025-07-30 13:53:26', 1, 1),
(2171, 62, 46, 'abstencion', 0, 46, 1, '2025-07-30 13:52:42', 1, 1),
(2172, 62, 20, NULL, 0, NULL, 1, NULL, 0, 1),
(2173, 62, 40, 'encontra', 0, 40, 1, '2025-07-30 13:52:38', 1, 1),
(2174, 62, 35, 'encontra', 0, 35, 1, '2025-07-30 13:52:36', 1, 1),
(2175, 62, 37, NULL, 0, NULL, 1, NULL, 1, 1),
(2176, 63, 30, 'afavor', 0, 19, 1, '2025-07-30 13:57:25', 1, 1),
(2177, 63, 21, 'afavor', 0, 19, 1, '2025-07-30 13:57:25', 1, 1),
(2178, 63, 29, 'afavor', 0, 19, 1, '2025-07-30 13:57:26', 1, 1),
(2179, 63, 22, 'afavor', 0, 19, 1, '2025-07-30 13:57:26', 1, 1),
(2180, 63, 32, 'afavor', 0, 19, 1, '2025-07-30 13:57:26', 1, 1),
(2181, 63, 28, 'afavor', 0, 19, 1, '2025-07-30 13:57:27', 1, 1),
(2182, 63, 38, 'afavor', 0, 19, 1, '2025-07-30 13:57:27', 1, 1),
(2183, 63, 42, 'afavor', 0, 19, 1, '2025-07-30 13:57:27', 1, 1),
(2184, 63, 53, 'afavor', 0, 19, 1, '2025-07-30 13:57:28', 1, 1),
(2185, 63, 31, 'afavor', 0, 19, 1, '2025-07-30 13:57:28', 1, 1),
(2186, 63, 26, 'afavor', 0, 19, 1, '2025-07-30 13:57:29', 1, 1),
(2187, 63, 39, 'afavor', 0, 19, 1, '2025-07-30 13:57:29', 1, 1),
(2188, 63, 33, 'afavor', 0, 19, 1, '2025-07-30 13:57:29', 1, 1),
(2189, 63, 52, 'encontra', 0, 19, 1, '2025-07-30 13:57:30', 1, 1),
(2190, 63, 34, 'afavor', 0, 19, 1, '2025-07-30 13:57:30', 1, 1),
(2191, 63, 25, 'encontra', 0, 19, 1, '2025-07-30 13:57:30', 1, 1),
(2192, 63, 24, 'afavor', 0, 19, 1, '2025-07-30 13:57:31', 1, 1),
(2193, 63, 43, 'afavor', 0, 19, 1, '2025-07-30 13:57:31', 1, 1),
(2194, 63, 48, 'abstencion', 0, 19, 1, '2025-07-30 13:57:32', 1, 1),
(2195, 63, 51, 'afavor', 0, 19, 1, '2025-07-30 13:57:32', 1, 1),
(2196, 63, 50, 'encontra', 0, 19, 1, '2025-07-30 13:57:32', 1, 1),
(2197, 63, 49, 'afavor', 0, 19, 1, '2025-07-30 13:57:33', 1, 1),
(2198, 63, 36, 'afavor', 0, 19, 1, '2025-07-30 13:57:33', 1, 1),
(2199, 63, 41, 'afavor', 0, 19, 1, '2025-07-30 13:57:34', 1, 1),
(2200, 63, 23, 'abstencion', 0, 19, 1, '2025-07-30 13:57:34', 1, 1),
(2201, 63, 27, 'afavor', 0, 19, 1, '2025-07-30 13:57:34', 1, 1),
(2202, 63, 44, 'afavor', 0, 19, 1, '2025-07-30 13:57:35', 1, 1),
(2203, 63, 47, 'afavor', 0, 19, 1, '2025-07-30 13:57:35', 1, 1),
(2204, 63, 45, 'afavor', 0, 19, 1, '2025-07-30 13:57:35', 1, 1),
(2205, 63, 46, 'afavor', 0, 19, 1, '2025-07-30 13:57:36', 1, 1),
(2206, 63, 20, 'afavor', 0, 19, 1, '2025-07-30 13:57:37', 0, 1),
(2207, 63, 40, 'afavor', 0, 19, 1, '2025-07-30 13:57:36', 1, 1),
(2208, 63, 35, 'afavor', 0, 19, 1, '2025-07-30 13:57:37', 1, 1),
(2209, 63, 37, 'afavor', 0, 19, 1, '2025-07-30 13:57:37', 1, 1),
(2210, 64, 30, NULL, 0, NULL, 1, NULL, 1, 1),
(2211, 64, 21, NULL, 0, NULL, 1, NULL, 1, 1),
(2212, 64, 29, NULL, 0, NULL, 1, NULL, 1, 1),
(2213, 64, 22, NULL, 0, NULL, 1, NULL, 1, 1),
(2214, 64, 32, NULL, 0, NULL, 1, NULL, 1, 1),
(2215, 64, 28, NULL, 0, NULL, 1, NULL, 1, 1),
(2216, 64, 38, NULL, 0, NULL, 1, NULL, 1, 1),
(2217, 64, 42, NULL, 0, NULL, 1, NULL, 1, 1),
(2218, 64, 53, NULL, 0, NULL, 1, NULL, 1, 1),
(2219, 64, 31, NULL, 0, NULL, 1, NULL, 1, 1),
(2220, 64, 26, NULL, 0, NULL, 1, NULL, 1, 1),
(2221, 64, 39, NULL, 0, NULL, 1, NULL, 1, 1),
(2222, 64, 33, NULL, 0, NULL, 1, NULL, 1, 1),
(2223, 64, 52, NULL, 0, NULL, 1, NULL, 1, 1),
(2224, 64, 34, NULL, 0, NULL, 1, NULL, 1, 1),
(2225, 64, 25, NULL, 0, NULL, 1, NULL, 1, 1),
(2226, 64, 24, NULL, 0, NULL, 1, NULL, 1, 1),
(2227, 64, 43, NULL, 0, NULL, 1, NULL, 1, 1),
(2228, 64, 48, NULL, 0, NULL, 1, NULL, 1, 1),
(2229, 64, 51, NULL, 0, NULL, 1, NULL, 1, 1),
(2230, 64, 50, NULL, 0, NULL, 1, NULL, 1, 1),
(2231, 64, 49, NULL, 0, NULL, 1, NULL, 1, 1),
(2232, 64, 36, NULL, 0, NULL, 1, NULL, 1, 1),
(2233, 64, 41, NULL, 0, NULL, 1, NULL, 1, 1),
(2234, 64, 23, NULL, 0, NULL, 1, NULL, 1, 1),
(2235, 64, 27, NULL, 0, NULL, 1, NULL, 1, 1),
(2236, 64, 44, NULL, 0, NULL, 1, NULL, 1, 1),
(2237, 64, 47, NULL, 0, NULL, 1, NULL, 1, 1),
(2238, 64, 45, NULL, 0, NULL, 1, NULL, 1, 1),
(2239, 64, 46, NULL, 0, NULL, 1, NULL, 1, 1),
(2240, 64, 20, NULL, 0, NULL, 1, NULL, 0, 1),
(2241, 64, 40, NULL, 0, NULL, 1, NULL, 1, 1),
(2242, 64, 35, NULL, 0, NULL, 1, NULL, 1, 1),
(2243, 64, 37, NULL, 0, NULL, 1, NULL, 1, 1),
(2244, 65, 30, NULL, 0, NULL, 1, NULL, 1, 1),
(2245, 65, 21, NULL, 0, NULL, 1, NULL, 1, 1),
(2246, 65, 29, NULL, 0, NULL, 1, NULL, 1, 1),
(2247, 65, 22, NULL, 0, NULL, 1, NULL, 1, 1),
(2248, 65, 32, NULL, 0, NULL, 1, NULL, 1, 1),
(2249, 65, 28, NULL, 0, NULL, 1, NULL, 1, 1),
(2250, 65, 38, 'abstencion', 0, 38, 1, '2025-07-30 13:59:32', 1, 1),
(2251, 65, 42, 'afavor', 1, 42, 1, '2025-07-30 14:00:00', 1, 1),
(2252, 65, 53, 'afavor', 0, 53, 1, '2025-07-30 13:59:27', 1, 1),
(2253, 65, 31, NULL, 0, NULL, 1, NULL, 1, 1),
(2254, 65, 26, NULL, 0, NULL, 1, NULL, 1, 1),
(2255, 65, 39, 'abstencion', 0, 39, 1, '2025-07-30 13:59:34', 1, 1),
(2256, 65, 33, 'abstencion', 0, 33, 1, '2025-07-30 13:59:35', 1, 1),
(2257, 65, 52, 'encontra', 0, 52, 1, '2025-07-30 13:59:39', 1, 1),
(2258, 65, 34, 'encontra', 0, 34, 1, '2025-07-30 13:59:23', 1, 1),
(2259, 65, 25, NULL, 0, NULL, 1, NULL, 1, 1),
(2260, 65, 24, NULL, 0, NULL, 1, NULL, 1, 1),
(2261, 65, 43, NULL, 0, NULL, 1, NULL, 1, 1),
(2262, 65, 48, NULL, 0, NULL, 1, NULL, 1, 1),
(2263, 65, 51, NULL, 0, NULL, 1, NULL, 1, 1),
(2264, 65, 50, 'afavor', 1, 50, 1, '2025-07-30 13:59:31', 1, 1),
(2265, 65, 49, NULL, 0, NULL, 1, NULL, 1, 1),
(2266, 65, 36, NULL, 0, NULL, 1, NULL, 1, 1),
(2267, 65, 41, 'encontra', 0, 41, 1, '2025-07-30 13:59:30', 1, 1),
(2268, 65, 23, NULL, 0, NULL, 1, NULL, 1, 1),
(2269, 65, 27, 'afavor', 0, 27, 1, '2025-07-30 14:00:08', 1, 1),
(2270, 65, 44, 'afavor', 0, 44, 1, '2025-07-30 14:02:48', 1, 1),
(2271, 65, 47, NULL, 0, NULL, 1, NULL, 1, 1),
(2272, 65, 45, 'afavor', 0, 45, 1, '2025-07-30 13:59:31', 1, 1),
(2273, 65, 46, 'abstencion', 0, 46, 1, '2025-07-30 13:59:28', 1, 1),
(2274, 65, 20, NULL, 0, NULL, 1, NULL, 0, 1),
(2275, 65, 40, 'afavor', 0, 40, 1, '2025-07-30 13:59:34', 1, 1),
(2276, 65, 35, 'abstencion', 0, 35, 1, '2025-07-30 13:59:38', 1, 1),
(2277, 65, 37, NULL, 0, NULL, 1, NULL, 1, 1),
(2278, 66, 30, NULL, 0, NULL, 1, NULL, 1, 1),
(2279, 66, 21, NULL, 0, NULL, 1, NULL, 1, 1),
(2280, 66, 29, NULL, 0, NULL, 1, NULL, 1, 1),
(2281, 66, 22, NULL, 0, NULL, 1, NULL, 1, 1),
(2282, 66, 32, NULL, 0, NULL, 1, NULL, 1, 1),
(2283, 66, 28, NULL, 0, NULL, 1, NULL, 1, 1),
(2284, 66, 38, 'abstencion', 0, 38, 1, '2025-07-30 13:59:33', 1, 1),
(2285, 66, 42, 'afavor', 1, 42, 1, '2025-07-30 14:00:00', 1, 1),
(2286, 66, 53, 'afavor', 0, 53, 1, '2025-07-30 13:59:28', 1, 1),
(2287, 66, 31, NULL, 0, NULL, 1, NULL, 1, 1),
(2288, 66, 26, NULL, 0, NULL, 1, NULL, 1, 1),
(2289, 66, 39, 'abstencion', 0, 39, 1, '2025-07-30 13:59:35', 1, 1),
(2290, 66, 33, 'abstencion', 0, 33, 1, '2025-07-30 13:59:36', 1, 1),
(2291, 66, 52, 'encontra', 0, 52, 1, '2025-07-30 13:59:39', 1, 1),
(2292, 66, 34, 'encontra', 0, 34, 1, '2025-07-30 13:59:23', 1, 1),
(2293, 66, 25, NULL, 0, NULL, 1, NULL, 1, 1),
(2294, 66, 24, NULL, 0, NULL, 1, NULL, 1, 1),
(2295, 66, 43, NULL, 0, NULL, 1, NULL, 1, 1),
(2296, 66, 48, NULL, 0, NULL, 1, NULL, 1, 1),
(2297, 66, 51, NULL, 0, NULL, 1, NULL, 1, 1),
(2298, 66, 50, 'afavor', 1, 50, 1, '2025-07-30 13:59:31', 1, 1),
(2299, 66, 49, NULL, 0, NULL, 1, NULL, 1, 1),
(2300, 66, 36, NULL, 0, NULL, 1, NULL, 1, 1),
(2301, 66, 41, 'encontra', 0, 41, 1, '2025-07-30 13:59:30', 1, 1),
(2302, 66, 23, NULL, 0, NULL, 1, NULL, 1, 1),
(2303, 66, 27, 'afavor', 0, 27, 1, '2025-07-30 14:00:08', 1, 1),
(2304, 66, 44, 'afavor', 0, 44, 1, '2025-07-30 14:02:49', 1, 1),
(2305, 66, 47, NULL, 0, NULL, 1, NULL, 1, 1),
(2306, 66, 45, 'afavor', 0, 45, 1, '2025-07-30 13:59:32', 1, 1),
(2307, 66, 46, 'abstencion', 0, 46, 1, '2025-07-30 13:59:28', 1, 1),
(2308, 66, 20, NULL, 0, NULL, 1, NULL, 0, 1),
(2309, 66, 40, 'afavor', 0, 40, 1, '2025-07-30 13:59:35', 1, 1),
(2310, 66, 35, 'abstencion', 0, 35, 1, '2025-07-30 13:59:38', 1, 1),
(2311, 66, 37, NULL, 0, NULL, 1, NULL, 1, 1),
(2312, 67, 30, NULL, 0, NULL, 1, NULL, 1, 1),
(2313, 67, 21, NULL, 0, NULL, 1, NULL, 1, 1),
(2314, 67, 29, NULL, 0, NULL, 1, NULL, 1, 1),
(2315, 67, 22, NULL, 0, NULL, 1, NULL, 1, 1),
(2316, 67, 32, NULL, 0, NULL, 1, NULL, 1, 1),
(2317, 67, 28, NULL, 0, NULL, 1, NULL, 1, 1),
(2318, 67, 38, 'abstencion', 0, 38, 1, '2025-07-30 14:02:22', 1, 1),
(2319, 67, 42, 'encontra', 1, 42, 1, '2025-07-30 14:02:23', 1, 1),
(2320, 67, 53, 'afavor', 0, 53, 1, '2025-07-30 14:02:42', 1, 1),
(2321, 67, 31, NULL, 0, NULL, 1, NULL, 1, 1),
(2322, 67, 26, NULL, 0, NULL, 1, NULL, 1, 1),
(2323, 67, 39, 'afavor', 0, 39, 1, '2025-07-30 14:05:40', 1, 1),
(2324, 67, 33, 'abstencion', 0, 33, 1, '2025-07-30 14:02:27', 1, 1),
(2325, 67, 52, 'afavor', 0, 52, 1, '2025-07-30 14:02:29', 1, 1),
(2326, 67, 34, 'encontra', 0, 34, 1, '2025-07-30 14:02:17', 1, 1),
(2327, 67, 25, 'afavor', 0, 19, 1, '2025-07-30 14:03:40', 1, 1),
(2328, 67, 24, NULL, 0, NULL, 1, NULL, 1, 1),
(2329, 67, 43, NULL, 0, NULL, 1, NULL, 1, 1),
(2330, 67, 48, NULL, 0, NULL, 1, NULL, 1, 1),
(2331, 67, 51, 'abstencion', 0, 51, 1, '2025-07-30 14:02:14', 1, 1),
(2332, 67, 50, 'abstencion', 0, 50, 1, '2025-07-30 14:02:25', 1, 1),
(2333, 67, 49, 'afavor', 0, 49, 1, '2025-07-30 14:02:59', 1, 1),
(2334, 67, 36, NULL, 0, NULL, 1, NULL, 1, 1),
(2335, 67, 41, 'encontra', 0, 41, 1, '2025-07-30 14:02:15', 1, 1),
(2336, 67, 23, NULL, 0, NULL, 1, NULL, 1, 1),
(2337, 67, 27, 'afavor', 0, 27, 1, '2025-07-30 14:07:58', 1, 1),
(2338, 67, 44, 'abstencion', 0, 44, 1, '2025-07-30 14:04:07', 1, 1),
(2339, 67, 47, 'abstencion', 0, 47, 1, '2025-07-30 14:02:34', 1, 1),
(2340, 67, 45, 'afavor', 0, 45, 1, '2025-07-30 14:02:28', 1, 1),
(2341, 67, 46, 'afavor', 0, 46, 1, '2025-07-30 14:02:33', 1, 1),
(2342, 67, 20, NULL, 0, NULL, 1, NULL, 0, 1),
(2343, 67, 40, 'encontra', 0, 40, 1, '2025-07-30 14:02:16', 1, 1),
(2344, 67, 35, 'afavor', 0, 35, 1, '2025-07-30 14:02:20', 1, 1),
(2345, 67, 37, NULL, 0, NULL, 1, NULL, 1, 1),
(2346, 68, 30, NULL, 0, NULL, 1, NULL, 1, 1),
(2347, 68, 21, NULL, 0, NULL, 1, NULL, 1, 1),
(2348, 68, 29, 'encontra', 0, 19, 1, '2025-09-10 00:54:03', 1, 1),
(2349, 68, 22, NULL, 0, NULL, 1, NULL, 1, 1),
(2350, 68, 32, NULL, 0, NULL, 1, NULL, 1, 1),
(2351, 68, 28, NULL, 0, NULL, 1, NULL, 1, 1),
(2352, 68, 38, NULL, 0, NULL, 1, NULL, 1, 1),
(2353, 68, 42, NULL, 0, NULL, 1, NULL, 1, 1),
(2354, 68, 53, NULL, 0, NULL, 1, NULL, 1, 1),
(2355, 68, 31, NULL, 0, NULL, 1, NULL, 1, 1),
(2356, 68, 26, NULL, 0, NULL, 1, NULL, 1, 1),
(2357, 68, 39, NULL, 0, NULL, 1, NULL, 1, 1),
(2358, 68, 33, NULL, 0, NULL, 1, NULL, 1, 1),
(2359, 68, 52, NULL, 0, NULL, 1, NULL, 1, 1),
(2360, 68, 34, NULL, 0, NULL, 1, NULL, 1, 1),
(2361, 68, 25, 'afavor', 0, 19, 1, '2025-09-10 00:54:09', 1, 1),
(2362, 68, 24, NULL, 0, NULL, 1, NULL, 1, 1),
(2363, 68, 43, NULL, 0, NULL, 1, NULL, 1, 1),
(2364, 68, 48, NULL, 0, NULL, 1, NULL, 1, 1),
(2365, 68, 51, NULL, 0, NULL, 1, NULL, 1, 1),
(2366, 68, 50, NULL, 0, NULL, 1, NULL, 1, 1),
(2367, 68, 49, NULL, 0, NULL, 1, NULL, 1, 1),
(2368, 68, 36, NULL, 0, NULL, 1, NULL, 1, 1),
(2369, 68, 41, NULL, 0, NULL, 1, NULL, 1, 1),
(2370, 68, 23, NULL, 0, NULL, 1, NULL, 1, 1),
(2371, 68, 27, NULL, 0, NULL, 1, NULL, 1, 1),
(2372, 68, 44, NULL, 0, NULL, 1, NULL, 1, 1),
(2373, 68, 47, NULL, 0, NULL, 1, NULL, 1, 1),
(2374, 68, 45, NULL, 0, NULL, 1, NULL, 1, 1),
(2375, 68, 46, NULL, 0, NULL, 1, NULL, 1, 1),
(2376, 68, 20, 'afavor', 0, 19, 1, '2025-09-10 00:57:09', 1, 1),
(2377, 68, 40, NULL, 0, NULL, 1, NULL, 1, 1),
(2378, 68, 35, NULL, 0, NULL, 1, NULL, 1, 1),
(2379, 68, 37, NULL, 0, NULL, 1, NULL, 1, 1),
(2380, 69, 30, NULL, 0, NULL, 1, NULL, 1, 1),
(2381, 69, 21, NULL, 0, NULL, 1, NULL, 1, 1),
(2382, 69, 29, NULL, 0, NULL, 1, NULL, 1, 1),
(2383, 69, 22, NULL, 0, NULL, 1, NULL, 1, 1),
(2384, 69, 32, NULL, 0, NULL, 1, NULL, 1, 1),
(2385, 69, 28, NULL, 0, NULL, 1, NULL, 1, 1),
(2386, 69, 38, NULL, 0, NULL, 1, NULL, 1, 1),
(2387, 69, 42, NULL, 0, NULL, 1, NULL, 1, 1),
(2388, 69, 53, NULL, 0, NULL, 1, NULL, 1, 1),
(2389, 69, 31, NULL, 0, NULL, 1, NULL, 1, 1),
(2390, 69, 26, NULL, 0, NULL, 1, NULL, 1, 1),
(2391, 69, 39, NULL, 0, NULL, 1, NULL, 1, 1),
(2392, 69, 33, NULL, 0, NULL, 1, NULL, 1, 1),
(2393, 69, 52, NULL, 0, NULL, 1, NULL, 1, 1),
(2394, 69, 34, NULL, 0, NULL, 1, NULL, 1, 1),
(2395, 69, 25, NULL, 0, NULL, 1, NULL, 1, 1),
(2396, 69, 24, NULL, 0, NULL, 1, NULL, 1, 1),
(2397, 69, 43, NULL, 0, NULL, 1, NULL, 1, 1),
(2398, 69, 48, NULL, 0, NULL, 1, NULL, 1, 1),
(2399, 69, 51, NULL, 0, NULL, 1, NULL, 1, 1),
(2400, 69, 50, NULL, 0, NULL, 1, NULL, 1, 1),
(2401, 69, 49, NULL, 0, NULL, 1, NULL, 1, 1),
(2402, 69, 36, NULL, 0, NULL, 1, NULL, 1, 1),
(2403, 69, 41, NULL, 0, NULL, 1, NULL, 1, 1),
(2404, 69, 23, NULL, 0, NULL, 1, NULL, 1, 1),
(2405, 69, 27, NULL, 0, NULL, 1, NULL, 1, 1),
(2406, 69, 44, NULL, 0, NULL, 1, NULL, 1, 1),
(2407, 69, 47, NULL, 0, NULL, 1, NULL, 1, 1),
(2408, 69, 45, NULL, 0, NULL, 1, NULL, 1, 1),
(2409, 69, 46, NULL, 0, NULL, 1, NULL, 1, 1),
(2410, 69, 20, NULL, 0, NULL, 1, NULL, 0, 1),
(2411, 69, 40, NULL, 0, NULL, 1, NULL, 1, 1),
(2412, 69, 35, NULL, 0, NULL, 1, NULL, 1, 1),
(2413, 69, 37, NULL, 0, NULL, 1, NULL, 1, 1),
(2414, 70, 30, NULL, 0, NULL, 1, NULL, 1, 1),
(2415, 70, 21, NULL, 0, NULL, 1, NULL, 1, 1),
(2416, 70, 29, NULL, 0, NULL, 1, NULL, 1, 1),
(2417, 70, 22, NULL, 0, NULL, 1, NULL, 1, 1),
(2418, 70, 32, NULL, 0, NULL, 1, NULL, 1, 1),
(2419, 70, 28, NULL, 0, NULL, 1, NULL, 1, 1),
(2420, 70, 38, NULL, 0, NULL, 1, NULL, 1, 1),
(2421, 70, 42, NULL, 0, NULL, 1, NULL, 1, 1),
(2422, 70, 53, NULL, 0, NULL, 1, NULL, 1, 1),
(2423, 70, 31, NULL, 0, NULL, 1, NULL, 1, 1),
(2424, 70, 26, NULL, 0, NULL, 1, NULL, 1, 1),
(2425, 70, 39, NULL, 0, NULL, 1, NULL, 1, 1),
(2426, 70, 33, NULL, 0, NULL, 1, NULL, 1, 1),
(2427, 70, 52, NULL, 0, NULL, 1, NULL, 1, 1),
(2428, 70, 34, NULL, 0, NULL, 1, NULL, 1, 1),
(2429, 70, 25, NULL, 0, NULL, 1, NULL, 1, 1),
(2430, 70, 24, NULL, 0, NULL, 1, NULL, 1, 1),
(2431, 70, 43, NULL, 0, NULL, 1, NULL, 1, 1),
(2432, 70, 48, NULL, 0, NULL, 1, NULL, 1, 1),
(2433, 70, 51, NULL, 0, NULL, 1, NULL, 1, 1),
(2434, 70, 50, NULL, 0, NULL, 1, NULL, 1, 1),
(2435, 70, 49, NULL, 0, NULL, 1, NULL, 1, 1),
(2436, 70, 36, NULL, 0, NULL, 1, NULL, 1, 1),
(2437, 70, 41, NULL, 0, NULL, 1, NULL, 1, 1),
(2438, 70, 23, NULL, 0, NULL, 1, NULL, 1, 1),
(2439, 70, 27, NULL, 0, NULL, 1, NULL, 1, 1),
(2440, 70, 44, NULL, 0, NULL, 1, NULL, 1, 1),
(2441, 70, 47, NULL, 0, NULL, 1, NULL, 1, 1),
(2442, 70, 45, NULL, 0, NULL, 1, NULL, 1, 1),
(2443, 70, 46, NULL, 0, NULL, 1, NULL, 1, 1),
(2444, 70, 20, NULL, 0, NULL, 1, NULL, 0, 1),
(2445, 70, 40, NULL, 0, NULL, 1, NULL, 1, 1),
(2446, 70, 35, NULL, 0, NULL, 1, NULL, 1, 1),
(2447, 70, 37, NULL, 0, NULL, 1, NULL, 1, 1),
(2448, 71, 30, 'afavor', 0, 1, 1, '2025-07-21 23:20:17', 1, 1),
(2449, 71, 21, 'afavor', 0, 1, 1, '2025-07-21 23:20:17', 1, 1),
(2450, 71, 29, 'afavor', 0, 1, 1, '2025-07-21 23:20:18', 1, 1),
(2451, 71, 22, 'afavor', 0, 1, 1, '2025-07-21 23:20:18', 1, 1),
(2452, 71, 32, 'afavor', 0, 1, 1, '2025-07-21 23:20:18', 1, 1),
(2453, 71, 28, 'afavor', 0, 1, 1, '2025-07-21 23:20:19', 1, 1),
(2454, 71, 38, 'afavor', 0, 1, 1, '2025-07-21 23:20:19', 1, 1),
(2455, 71, 42, 'afavor', 0, 1, 1, '2025-07-21 23:20:20', 1, 1),
(2456, 71, 53, 'afavor', 0, 1, 1, '2025-07-21 23:20:20', 1, 1),
(2457, 71, 31, 'afavor', 0, 1, 1, '2025-07-21 23:20:20', 1, 1),
(2458, 71, 26, 'afavor', 0, 1, 1, '2025-07-21 23:20:21', 1, 1),
(2459, 71, 39, 'afavor', 0, 1, 1, '2025-07-21 23:20:21', 1, 1),
(2460, 71, 33, 'afavor', 0, 1, 1, '2025-07-21 23:20:21', 1, 1),
(2461, 71, 52, 'afavor', 0, 1, 1, '2025-07-21 23:20:22', 1, 1),
(2462, 71, 34, 'afavor', 0, 1, 1, '2025-07-21 23:20:22', 1, 1),
(2463, 71, 25, 'afavor', 0, 1, 1, '2025-07-21 23:20:23', 1, 1),
(2464, 71, 24, 'afavor', 0, 1, 1, '2025-07-21 23:20:23', 1, 1),
(2465, 71, 43, 'afavor', 0, 1, 1, '2025-07-21 23:20:23', 1, 1),
(2466, 71, 48, 'afavor', 0, 1, 1, '2025-07-21 23:20:24', 1, 1),
(2467, 71, 51, 'afavor', 0, 1, 1, '2025-07-21 23:20:24', 1, 1),
(2468, 71, 50, 'afavor', 0, 1, 1, '2025-07-21 23:20:24', 1, 1),
(2469, 71, 49, 'afavor', 0, 1, 1, '2025-07-21 23:20:25', 1, 1),
(2470, 71, 36, 'afavor', 0, 1, 1, '2025-07-21 23:20:25', 1, 1),
(2471, 71, 41, 'afavor', 0, 1, 1, '2025-07-21 23:20:26', 1, 1),
(2472, 71, 23, 'afavor', 0, 1, 1, '2025-07-21 23:20:26', 1, 1),
(2473, 71, 27, 'afavor', 0, 1, 1, '2025-07-21 23:20:26', 1, 1),
(2474, 71, 44, 'afavor', 0, 1, 1, '2025-07-21 23:20:27', 1, 1),
(2475, 71, 47, 'afavor', 0, 1, 1, '2025-07-21 23:20:27', 1, 1),
(2476, 71, 45, 'afavor', 0, 1, 1, '2025-07-21 23:20:27', 1, 1),
(2477, 71, 46, 'afavor', 0, 1, 1, '2025-07-21 23:20:28', 1, 1),
(2478, 71, 20, 'afavor', 0, 1, 1, '2025-07-21 23:20:29', 0, 1),
(2479, 71, 40, 'afavor', 0, 1, 1, '2025-07-21 23:20:28', 1, 1),
(2480, 71, 35, 'encontra', 0, 1, 1, '2025-07-21 23:20:29', 1, 1),
(2481, 71, 37, 'afavor', 0, 1, 1, '2025-07-21 23:20:29', 1, 1),
(2482, 72, 30, 'afavor', 0, 19, 1, '2025-07-22 14:05:01', 1, 1),
(2483, 72, 21, NULL, 0, NULL, 1, NULL, 1, 1),
(2484, 72, 29, NULL, 0, NULL, 1, NULL, 1, 1),
(2485, 72, 22, NULL, 0, NULL, 1, NULL, 1, 1),
(2486, 72, 32, NULL, 0, NULL, 1, NULL, 1, 1),
(2487, 72, 28, NULL, 0, NULL, 1, NULL, 1, 1),
(2488, 72, 38, NULL, 0, NULL, 1, NULL, 1, 1),
(2489, 72, 42, NULL, 0, NULL, 1, NULL, 1, 1),
(2490, 72, 53, NULL, 0, NULL, 1, NULL, 0, 1),
(2491, 72, 31, 'encontra', 0, 1, 1, '2025-07-28 21:26:04', 1, 1),
(2492, 72, 26, NULL, 0, NULL, 1, NULL, 1, 1),
(2493, 72, 39, NULL, 0, NULL, 1, NULL, 1, 1),
(2494, 72, 33, NULL, 0, NULL, 1, NULL, 1, 1),
(2495, 72, 52, NULL, 0, NULL, 1, NULL, 1, 1),
(2496, 72, 34, NULL, 0, NULL, 1, NULL, 1, 1),
(2497, 72, 25, NULL, 0, NULL, 1, NULL, 1, 1),
(2498, 72, 24, NULL, 0, NULL, 1, NULL, 1, 1),
(2499, 72, 43, NULL, 0, NULL, 1, NULL, 1, 1),
(2500, 72, 48, 'abstencion', 0, 48, 1, '2025-07-21 23:19:04', 1, 1),
(2501, 72, 51, NULL, 0, NULL, 1, NULL, 1, 1),
(2502, 72, 50, 'afavor', 0, 1, 1, '2025-07-28 21:26:12', 1, 1),
(2503, 72, 49, 'encontra', 0, 1, 1, '2025-07-28 21:26:17', 1, 1),
(2504, 72, 36, NULL, 0, NULL, 1, NULL, 1, 1),
(2505, 72, 41, NULL, 0, NULL, 1, NULL, 1, 1),
(2506, 72, 23, NULL, 0, NULL, 1, NULL, 1, 1),
(2507, 72, 27, NULL, 0, NULL, 1, NULL, 1, 1),
(2508, 72, 44, NULL, 0, NULL, 1, NULL, 1, 1),
(2509, 72, 47, NULL, 0, NULL, 1, NULL, 1, 1),
(2510, 72, 45, NULL, 0, NULL, 1, NULL, 1, 1),
(2511, 72, 46, NULL, 0, NULL, 1, NULL, 1, 1),
(2512, 72, 20, NULL, 0, NULL, 1, NULL, 0, 1),
(2513, 72, 40, NULL, 0, NULL, 1, NULL, 1, 1),
(2514, 72, 35, NULL, 0, NULL, 1, NULL, 1, 1),
(2515, 72, 37, NULL, 0, NULL, 1, NULL, 1, 1),
(2516, 73, 30, NULL, 0, NULL, 1, NULL, 1, 1),
(2517, 73, 21, NULL, 0, NULL, 1, NULL, 1, 1),
(2518, 73, 29, NULL, 0, NULL, 1, NULL, 1, 1),
(2519, 73, 22, NULL, 0, NULL, 1, NULL, 1, 1),
(2520, 73, 32, NULL, 0, NULL, 1, NULL, 1, 1),
(2521, 73, 28, NULL, 0, NULL, 1, NULL, 1, 1),
(2522, 73, 38, NULL, 0, NULL, 1, NULL, 1, 1),
(2523, 73, 42, NULL, 0, NULL, 1, NULL, 1, 1),
(2524, 73, 53, NULL, 0, NULL, 1, NULL, 1, 1),
(2525, 73, 31, NULL, 0, NULL, 1, NULL, 1, 1),
(2526, 73, 26, NULL, 0, NULL, 1, NULL, 1, 1),
(2527, 73, 39, NULL, 0, NULL, 1, NULL, 1, 1),
(2528, 73, 33, NULL, 0, NULL, 1, NULL, 1, 1),
(2529, 73, 52, NULL, 0, NULL, 1, NULL, 1, 1),
(2530, 73, 34, NULL, 0, NULL, 1, NULL, 1, 1),
(2531, 73, 25, NULL, 0, NULL, 1, NULL, 1, 1),
(2532, 73, 24, NULL, 0, NULL, 1, NULL, 1, 1),
(2533, 73, 43, NULL, 0, NULL, 1, NULL, 1, 1),
(2534, 73, 48, 'abstencion', 0, 48, 1, '2025-07-21 23:19:05', 1, 1),
(2535, 73, 51, NULL, 0, NULL, 1, NULL, 1, 1),
(2536, 73, 50, NULL, 0, NULL, 1, NULL, 1, 1),
(2537, 73, 49, NULL, 0, NULL, 1, NULL, 1, 1),
(2538, 73, 36, NULL, 0, NULL, 1, NULL, 1, 1),
(2539, 73, 41, NULL, 0, NULL, 1, NULL, 1, 1),
(2540, 73, 23, NULL, 0, NULL, 1, NULL, 1, 1),
(2541, 73, 27, NULL, 0, NULL, 1, NULL, 1, 1),
(2542, 73, 44, NULL, 0, NULL, 1, NULL, 1, 1),
(2543, 73, 47, NULL, 0, NULL, 1, NULL, 1, 1),
(2544, 73, 45, NULL, 0, NULL, 1, NULL, 1, 1),
(2545, 73, 46, NULL, 0, NULL, 1, NULL, 1, 1),
(2546, 73, 20, NULL, 0, NULL, 1, NULL, 0, 1),
(2547, 73, 40, NULL, 0, NULL, 1, NULL, 1, 1),
(2548, 73, 35, NULL, 0, NULL, 1, NULL, 1, 1),
(2549, 73, 37, NULL, 0, NULL, 1, NULL, 1, 1),
(2550, 74, 30, NULL, 0, NULL, 1, NULL, 1, 1),
(2551, 74, 21, NULL, 0, NULL, 1, NULL, 1, 1),
(2552, 74, 29, NULL, 0, NULL, 1, NULL, 1, 1),
(2553, 74, 22, NULL, 0, NULL, 1, NULL, 1, 1),
(2554, 74, 32, NULL, 0, NULL, 1, NULL, 1, 1),
(2555, 74, 28, NULL, 0, NULL, 1, NULL, 1, 1),
(2556, 74, 38, NULL, 0, NULL, 1, NULL, 1, 1),
(2557, 74, 42, 'abstencion', 0, 1, 1, '2025-07-28 21:24:47', 1, 1),
(2558, 74, 53, NULL, 0, NULL, 1, NULL, 1, 1),
(2559, 74, 31, NULL, 0, NULL, 1, NULL, 1, 1),
(2560, 74, 26, NULL, 0, NULL, 1, NULL, 1, 1),
(2561, 74, 39, NULL, 0, NULL, 1, NULL, 1, 1),
(2562, 74, 33, NULL, 0, NULL, 1, NULL, 1, 1),
(2563, 74, 52, NULL, 0, NULL, 1, NULL, 1, 1),
(2564, 74, 34, NULL, 0, NULL, 1, NULL, 1, 1),
(2565, 74, 25, NULL, 0, NULL, 1, NULL, 1, 1),
(2566, 74, 24, NULL, 0, NULL, 1, NULL, 1, 1),
(2567, 74, 43, NULL, 0, NULL, 1, NULL, 1, 1),
(2568, 74, 48, 'afavor', 0, 48, 1, '2025-07-21 23:22:43', 1, 1),
(2569, 74, 51, 'encontra', 0, 1, 1, '2025-07-28 21:24:38', 1, 1),
(2570, 74, 50, NULL, 0, NULL, 1, NULL, 1, 1),
(2571, 74, 49, NULL, 0, NULL, 1, NULL, 1, 1),
(2572, 74, 36, NULL, 0, NULL, 1, NULL, 1, 1),
(2573, 74, 41, NULL, 0, NULL, 1, NULL, 1, 1),
(2574, 74, 23, NULL, 0, NULL, 1, NULL, 1, 1),
(2575, 74, 27, NULL, 0, NULL, 1, NULL, 1, 1),
(2576, 74, 44, NULL, 0, NULL, 1, NULL, 1, 1),
(2577, 74, 47, NULL, 0, NULL, 1, NULL, 1, 1),
(2578, 74, 45, NULL, 0, NULL, 1, NULL, 1, 1),
(2579, 74, 46, NULL, 0, NULL, 1, NULL, 1, 1),
(2580, 74, 20, 'encontra', 0, 1, 1, '2025-07-28 21:25:18', 1, 1),
(2581, 74, 40, NULL, 0, NULL, 1, NULL, 1, 1),
(2582, 74, 35, NULL, 0, NULL, 1, NULL, 1, 1),
(2583, 74, 37, NULL, 0, NULL, 1, NULL, 1, 1),
(2584, 75, 30, NULL, 0, NULL, 1, NULL, 1, 1),
(2585, 75, 21, NULL, 0, NULL, 1, NULL, 1, 1),
(2586, 75, 29, NULL, 0, NULL, 1, NULL, 1, 1),
(2587, 75, 22, 'afavor', 0, 22, 1, '2025-07-22 13:36:03', 1, 1),
(2588, 75, 32, NULL, 0, NULL, 1, NULL, 1, 1),
(2589, 75, 28, NULL, 0, NULL, 1, NULL, 1, 1),
(2590, 75, 38, 'encontra', 0, 38, 1, '2025-07-22 13:36:35', 1, 1),
(2591, 75, 42, NULL, 0, NULL, 1, NULL, 1, 1),
(2592, 75, 53, 'encontra', 0, 53, 1, '2025-07-22 13:36:59', 1, 1),
(2593, 75, 31, 'encontra', 0, 31, 1, '2025-07-22 13:36:05', 1, 1),
(2594, 75, 26, 'encontra', 0, 26, 1, '2025-07-22 13:37:40', 1, 1),
(2595, 75, 39, 'encontra', 0, 39, 1, '2025-07-22 13:36:37', 1, 1),
(2596, 75, 33, NULL, 0, NULL, 1, NULL, 1, 1),
(2597, 75, 52, 'encontra', 0, 52, 1, '2025-07-22 13:36:15', 1, 1),
(2598, 75, 34, 'afavor', 0, 34, 1, '2025-07-22 13:36:37', 1, 1),
(2599, 75, 25, 'encontra', 0, 25, 1, '2025-07-22 13:36:53', 1, 1),
(2600, 75, 24, NULL, 0, NULL, 1, NULL, 1, 1),
(2601, 75, 43, 'encontra', 0, 43, 1, '2025-07-22 13:36:34', 1, 1),
(2602, 75, 48, NULL, 0, NULL, 1, NULL, 1, 1),
(2603, 75, 51, 'encontra', 0, 51, 1, '2025-07-22 13:36:12', 1, 1),
(2604, 75, 50, 'encontra', 0, 50, 1, '2025-07-22 13:36:09', 1, 1),
(2605, 75, 49, 'encontra', 0, 49, 1, '2025-07-22 13:36:43', 1, 1),
(2606, 75, 36, NULL, 0, NULL, 1, NULL, 1, 1),
(2607, 75, 41, 'encontra', 0, 41, 1, '2025-07-22 13:36:29', 1, 1),
(2608, 75, 23, 'encontra', 0, 23, 1, '2025-07-22 13:36:21', 1, 1),
(2609, 75, 27, 'abstencion', 0, 27, 1, '2025-07-22 13:36:22', 1, 1),
(2610, 75, 44, NULL, 0, NULL, 1, NULL, 1, 1),
(2611, 75, 47, 'encontra', 0, 47, 1, '2025-07-22 13:36:15', 1, 1),
(2612, 75, 45, 'encontra', 0, 45, 1, '2025-07-22 13:36:22', 1, 1),
(2613, 75, 46, NULL, 0, NULL, 1, NULL, 1, 1),
(2614, 75, 20, NULL, 0, NULL, 1, NULL, 1, 1),
(2615, 75, 40, NULL, 0, NULL, 1, NULL, 1, 1),
(2616, 75, 35, NULL, 0, NULL, 1, NULL, 1, 1),
(2617, 75, 37, NULL, 0, NULL, 1, NULL, 1, 1),
(2618, 76, 30, NULL, 0, NULL, 1, NULL, 1, 1),
(2619, 76, 21, NULL, 0, NULL, 1, NULL, 1, 1),
(2620, 76, 29, NULL, 0, NULL, 1, NULL, 1, 1),
(2621, 76, 22, 'afavor', 0, 22, 1, '2025-07-22 13:40:59', 1, 1),
(2622, 76, 32, NULL, 0, NULL, 1, NULL, 1, 1),
(2623, 76, 28, NULL, 0, NULL, 1, NULL, 1, 1),
(2624, 76, 38, 'afavor', 0, 38, 1, '2025-07-22 13:39:57', 1, 1),
(2625, 76, 42, NULL, 0, NULL, 1, NULL, 1, 1),
(2626, 76, 53, 'afavor', 0, 53, 1, '2025-07-22 13:39:49', 1, 1),
(2627, 76, 31, 'afavor', 0, 31, 1, '2025-07-22 13:39:52', 1, 1),
(2628, 76, 26, 'afavor', 0, 26, 1, '2025-07-22 13:39:54', 1, 1),
(2629, 76, 39, 'afavor', 0, 39, 1, '2025-07-22 13:39:48', 1, 1),
(2630, 76, 33, NULL, 0, NULL, 1, NULL, 1, 1),
(2631, 76, 52, 'afavor', 1, 52, 1, '2025-07-22 13:40:43', 1, 1),
(2632, 76, 34, 'encontra', 0, 34, 1, '2025-07-22 13:42:40', 1, 1),
(2633, 76, 25, 'afavor', 0, 25, 1, '2025-07-22 13:39:54', 1, 1),
(2634, 76, 24, NULL, 0, NULL, 1, NULL, 1, 1),
(2635, 76, 43, 'afavor', 0, 43, 1, '2025-07-22 13:39:49', 1, 1),
(2636, 76, 48, NULL, 0, NULL, 1, NULL, 1, 1),
(2637, 76, 51, 'afavor', 0, 51, 1, '2025-07-22 13:40:39', 1, 1),
(2638, 76, 50, 'afavor', 0, 50, 1, '2025-07-22 13:39:41', 1, 1),
(2639, 76, 49, NULL, 0, NULL, 1, NULL, 1, 1),
(2640, 76, 36, NULL, 0, NULL, 1, NULL, 1, 1),
(2641, 76, 41, 'encontra', 0, 41, 1, '2025-07-22 13:39:27', 1, 1),
(2642, 76, 23, 'afavor', 0, 23, 1, '2025-07-22 13:39:37', 1, 1),
(2643, 76, 27, 'abstencion', 0, 27, 1, '2025-07-22 13:39:46', 1, 1),
(2644, 76, 44, 'afavor', 0, 44, 1, '2025-07-22 13:40:15', 1, 1),
(2645, 76, 47, 'afavor', 0, 47, 1, '2025-07-22 13:40:12', 1, 1),
(2646, 76, 45, 'afavor', 0, 45, 1, '2025-07-22 13:39:51', 1, 1),
(2647, 76, 46, NULL, 0, NULL, 1, NULL, 1, 1),
(2648, 76, 20, NULL, 0, NULL, 1, NULL, 1, 1),
(2649, 76, 40, NULL, 0, NULL, 1, NULL, 1, 1),
(2650, 76, 35, NULL, 0, NULL, 1, NULL, 1, 1),
(2651, 76, 37, NULL, 0, NULL, 1, NULL, 1, 1),
(2652, 77, 30, NULL, 0, NULL, 1, NULL, 1, 1),
(2653, 77, 21, NULL, 0, NULL, 1, NULL, 1, 1),
(2654, 77, 29, NULL, 0, NULL, 1, NULL, 1, 1),
(2655, 77, 22, 'abstencion', 0, 22, 1, '2025-07-22 13:43:35', 1, 1),
(2656, 77, 32, NULL, 0, NULL, 1, NULL, 1, 1),
(2657, 77, 28, 'abstencion', 0, 28, 1, '2025-07-22 13:46:17', 1, 1),
(2658, 77, 38, 'abstencion', 0, 38, 1, '2025-07-22 13:43:32', 1, 1),
(2659, 77, 42, NULL, 0, NULL, 1, NULL, 1, 1),
(2660, 77, 53, 'abstencion', 0, 53, 1, '2025-07-22 13:44:30', 1, 1),
(2661, 77, 31, 'abstencion', 0, 31, 1, '2025-07-22 13:44:49', 1, 1),
(2662, 77, 26, 'encontra', 0, 26, 1, '2025-07-22 13:51:45', 1, 1),
(2663, 77, 39, 'abstencion', 0, 39, 1, '2025-07-22 13:43:36', 1, 1),
(2664, 77, 33, NULL, 0, NULL, 1, NULL, 1, 1),
(2665, 77, 52, 'abstencion', 1, 52, 1, '2025-07-22 13:43:45', 1, 1),
(2666, 77, 34, 'encontra', 0, 34, 1, '2025-07-22 13:48:17', 1, 1),
(2667, 77, 25, 'abstencion', 0, 25, 1, '2025-07-22 13:43:31', 1, 1),
(2668, 77, 24, NULL, 0, NULL, 1, NULL, 1, 1),
(2669, 77, 43, 'encontra', 0, 43, 1, '2025-07-22 13:44:02', 1, 1),
(2670, 77, 48, NULL, 0, NULL, 1, NULL, 1, 1),
(2671, 77, 51, 'abstencion', 0, 51, 1, '2025-07-22 13:43:58', 1, 1),
(2672, 77, 50, 'abstencion', 0, 50, 1, '2025-07-22 13:43:35', 1, 1),
(2673, 77, 49, NULL, 0, NULL, 1, NULL, 1, 1),
(2674, 77, 36, NULL, 0, NULL, 1, NULL, 1, 1),
(2675, 77, 41, 'encontra', 1, 41, 1, '2025-07-22 13:43:17', 1, 1),
(2676, 77, 23, 'abstencion', 1, 23, 1, '2025-07-22 13:43:18', 1, 1),
(2677, 77, 27, 'abstencion', 0, 27, 1, '2025-07-22 13:43:19', 1, 1),
(2678, 77, 44, 'abstencion', 0, 44, 1, '2025-07-22 13:44:09', 1, 1),
(2679, 77, 47, 'abstencion', 0, 47, 1, '2025-07-22 13:43:19', 1, 1),
(2680, 77, 45, 'abstencion', 1, 45, 1, '2025-07-22 13:44:34', 1, 1),
(2681, 77, 46, NULL, 0, NULL, 1, NULL, 1, 1),
(2682, 77, 20, NULL, 0, NULL, 1, NULL, 1, 1),
(2683, 77, 40, NULL, 0, NULL, 1, NULL, 1, 1),
(2684, 77, 35, NULL, 0, NULL, 1, NULL, 1, 1),
(2685, 77, 37, NULL, 0, NULL, 1, NULL, 1, 1),
(2686, 78, 30, 'afavor', 0, 19, 1, '2025-07-22 13:55:31', 1, 1),
(2687, 78, 21, 'afavor', 0, 19, 1, '2025-07-22 13:55:32', 1, 1),
(2688, 78, 29, 'afavor', 0, 19, 1, '2025-07-22 13:55:32', 1, 1),
(2689, 78, 22, 'afavor', 0, 19, 1, '2025-07-22 13:55:33', 1, 1),
(2690, 78, 32, 'afavor', 0, 19, 1, '2025-07-22 13:55:33', 1, 1),
(2691, 78, 28, 'afavor', 0, 19, 1, '2025-07-22 13:55:33', 1, 1),
(2692, 78, 38, 'afavor', 0, 19, 1, '2025-07-22 13:55:34', 1, 1),
(2693, 78, 42, 'afavor', 0, 19, 1, '2025-07-22 13:55:34', 1, 1),
(2694, 78, 53, 'afavor', 0, 19, 1, '2025-07-22 13:55:43', 0, 1),
(2695, 78, 31, 'afavor', 0, 19, 1, '2025-07-22 13:55:35', 1, 1),
(2696, 78, 26, 'afavor', 0, 19, 1, '2025-07-22 13:55:35', 1, 1),
(2697, 78, 39, 'afavor', 0, 19, 1, '2025-07-22 13:55:35', 1, 1),
(2698, 78, 33, 'afavor', 0, 19, 1, '2025-07-22 13:55:36', 1, 1),
(2699, 78, 52, 'afavor', 0, 19, 1, '2025-07-22 13:55:36', 1, 1),
(2700, 78, 34, 'abstencion', 0, 34, 1, '2025-07-22 14:02:44', 1, 1),
(2701, 78, 25, 'afavor', 0, 19, 1, '2025-07-22 13:55:37', 1, 1),
(2702, 78, 24, 'afavor', 0, 19, 1, '2025-07-22 13:55:37', 1, 1),
(2703, 78, 43, 'afavor', 0, 19, 1, '2025-07-22 13:55:38', 1, 1),
(2704, 78, 48, 'afavor', 0, 19, 1, '2025-07-22 13:55:38', 1, 1),
(2705, 78, 51, 'afavor', 0, 19, 1, '2025-07-22 13:55:38', 1, 1),
(2706, 78, 50, 'encontra', 0, 19, 1, '2025-07-22 13:55:39', 1, 1),
(2707, 78, 49, 'afavor', 0, 19, 1, '2025-07-22 13:55:39', 1, 1),
(2708, 78, 36, 'afavor', 0, 19, 1, '2025-07-22 13:55:39', 1, 1),
(2709, 78, 41, 'encontra', 0, 19, 1, '2025-07-22 13:55:40', 1, 1),
(2710, 78, 23, 'afavor', 0, 19, 1, '2025-07-22 13:55:40', 1, 1),
(2711, 78, 27, 'afavor', 0, 19, 1, '2025-07-22 13:55:40', 1, 1),
(2712, 78, 44, 'encontra', 0, 19, 1, '2025-07-22 13:55:41', 1, 1),
(2713, 78, 47, 'abstencion', 0, 19, 1, '2025-07-22 13:55:41', 1, 1),
(2714, 78, 45, 'afavor', 0, 19, 1, '2025-07-22 13:55:42', 1, 1),
(2715, 78, 46, 'afavor', 0, 19, 1, '2025-07-22 13:55:42', 1, 1),
(2716, 78, 20, 'afavor', 0, 19, 1, '2025-07-22 13:55:44', 0, 1),
(2717, 78, 40, 'afavor', 0, 19, 1, '2025-07-22 13:55:42', 1, 1),
(2718, 78, 35, 'encontra', 0, 19, 1, '2025-07-22 13:55:43', 1, 1),
(2719, 78, 37, 'afavor', 0, 19, 1, '2025-07-22 13:55:43', 1, 1),
(2720, 79, 30, NULL, 0, NULL, 1, NULL, 1, 1),
(2721, 79, 21, NULL, 0, NULL, 1, NULL, 1, 1),
(2722, 79, 29, NULL, 0, NULL, 1, NULL, 1, 1),
(2723, 79, 22, NULL, 0, NULL, 1, NULL, 1, 1),
(2724, 79, 32, NULL, 0, NULL, 1, NULL, 1, 1),
(2725, 79, 28, NULL, 0, NULL, 1, NULL, 1, 1),
(2726, 79, 38, NULL, 0, NULL, 1, NULL, 1, 1),
(2727, 79, 42, NULL, 0, NULL, 1, NULL, 1, 1),
(2728, 79, 53, NULL, 0, NULL, 1, NULL, 1, 1),
(2729, 79, 31, NULL, 0, NULL, 1, NULL, 1, 1),
(2730, 79, 26, NULL, 0, NULL, 1, NULL, 1, 1),
(2731, 79, 39, NULL, 0, NULL, 1, NULL, 1, 1),
(2732, 79, 33, NULL, 0, NULL, 1, NULL, 1, 1),
(2733, 79, 52, NULL, 0, NULL, 1, NULL, 1, 1),
(2734, 79, 34, NULL, 0, NULL, 1, NULL, 1, 1),
(2735, 79, 25, NULL, 0, NULL, 1, NULL, 1, 1),
(2736, 79, 24, NULL, 0, NULL, 1, NULL, 1, 1),
(2737, 79, 43, NULL, 0, NULL, 1, NULL, 1, 1),
(2738, 79, 48, NULL, 0, NULL, 1, NULL, 1, 1),
(2739, 79, 51, NULL, 0, NULL, 1, NULL, 1, 1),
(2740, 79, 50, NULL, 0, NULL, 1, NULL, 1, 1),
(2741, 79, 49, NULL, 0, NULL, 1, NULL, 1, 1),
(2742, 79, 36, NULL, 0, NULL, 1, NULL, 1, 1),
(2743, 79, 41, NULL, 0, NULL, 1, NULL, 1, 1),
(2744, 79, 23, NULL, 0, NULL, 1, NULL, 1, 1),
(2745, 79, 27, NULL, 0, NULL, 1, NULL, 1, 1),
(2746, 79, 44, NULL, 0, NULL, 1, NULL, 1, 1),
(2747, 79, 47, NULL, 0, NULL, 1, NULL, 1, 1),
(2748, 79, 45, NULL, 0, NULL, 1, NULL, 1, 1),
(2749, 79, 46, NULL, 0, NULL, 1, NULL, 1, 1),
(2750, 79, 20, NULL, 0, NULL, 1, NULL, 0, 1),
(2751, 79, 40, NULL, 0, NULL, 1, NULL, 1, 1),
(2752, 79, 35, NULL, 0, NULL, 1, NULL, 1, 1),
(2753, 79, 37, NULL, 0, NULL, 1, NULL, 1, 1),
(2754, 80, 30, 'afavor', 0, 1, 1, '2025-07-28 21:33:38', 1, 1),
(2755, 80, 21, 'afavor', 0, 1, 1, '2025-07-28 21:33:38', 1, 1),
(2756, 80, 29, 'afavor', 0, 1, 1, '2025-07-28 21:33:39', 1, 1),
(2757, 80, 22, 'afavor', 0, 1, 1, '2025-07-28 21:33:39', 1, 1),
(2758, 80, 32, 'afavor', 0, 1, 1, '2025-07-28 21:33:40', 1, 1),
(2759, 80, 28, 'afavor', 0, 1, 1, '2025-07-28 21:33:40', 1, 1),
(2760, 80, 38, 'afavor', 0, 1, 1, '2025-07-28 21:33:40', 1, 1),
(2761, 80, 42, 'afavor', 0, 1, 1, '2025-07-28 21:33:41', 1, 1),
(2762, 80, 53, 'afavor', 0, 1, 1, '2025-07-28 21:33:41', 1, 1),
(2763, 80, 31, 'afavor', 0, 1, 1, '2025-07-28 21:33:41', 1, 1),
(2764, 80, 26, 'afavor', 0, 1, 1, '2025-07-28 21:33:42', 1, 1),
(2765, 80, 39, 'afavor', 0, 1, 1, '2025-07-28 21:33:42', 1, 1),
(2766, 80, 33, 'afavor', 0, 1, 1, '2025-07-28 21:33:43', 1, 1),
(2767, 80, 52, 'afavor', 0, 1, 1, '2025-07-28 21:33:43', 1, 1),
(2768, 80, 34, 'afavor', 0, 1, 1, '2025-07-28 21:33:43', 1, 1),
(2769, 80, 25, 'afavor', 0, 1, 1, '2025-07-28 21:33:44', 1, 1),
(2770, 80, 24, 'afavor', 0, 1, 1, '2025-07-28 21:33:44', 1, 1),
(2771, 80, 43, 'afavor', 0, 1, 1, '2025-07-28 21:33:45', 1, 1),
(2772, 80, 48, 'afavor', 0, 1, 1, '2025-07-28 21:33:45', 1, 1),
(2773, 80, 51, 'afavor', 0, 1, 1, '2025-07-28 21:33:45', 1, 1),
(2774, 80, 50, 'afavor', 0, 1, 1, '2025-07-28 21:33:46', 1, 1),
(2775, 80, 49, 'afavor', 0, 1, 1, '2025-07-28 21:33:46', 1, 1),
(2776, 80, 36, 'afavor', 0, 1, 1, '2025-07-28 21:33:46', 1, 1),
(2777, 80, 41, 'afavor', 0, 1, 1, '2025-07-28 21:33:47', 1, 1),
(2778, 80, 23, 'afavor', 0, 1, 1, '2025-07-28 21:33:47', 1, 1),
(2779, 80, 27, 'afavor', 0, 1, 1, '2025-07-28 21:33:48', 1, 1),
(2780, 80, 44, 'afavor', 0, 1, 1, '2025-07-28 21:33:48', 1, 1),
(2781, 80, 47, 'afavor', 0, 1, 1, '2025-07-28 21:33:48', 1, 1),
(2782, 80, 45, 'afavor', 0, 1, 1, '2025-07-28 21:33:49', 1, 1),
(2783, 80, 46, 'afavor', 0, 1, 1, '2025-07-28 21:33:49', 1, 1),
(2784, 80, 20, 'afavor', 0, 1, 1, '2025-07-28 21:33:49', 1, 1),
(2785, 80, 40, 'afavor', 0, 1, 1, '2025-07-28 21:33:50', 1, 1),
(2786, 80, 35, 'afavor', 0, 1, 1, '2025-07-28 21:33:50', 1, 1),
(2787, 80, 37, 'afavor', 0, 1, 1, '2025-07-28 21:33:51', 1, 1),
(2788, 81, 30, NULL, 0, NULL, 1, NULL, 1, 1),
(2789, 81, 21, NULL, 0, NULL, 1, NULL, 1, 1),
(2790, 81, 29, NULL, 0, NULL, 1, NULL, 1, 1),
(2791, 81, 22, NULL, 0, NULL, 1, NULL, 1, 1),
(2792, 81, 32, NULL, 0, NULL, 1, NULL, 1, 1),
(2793, 81, 28, NULL, 0, NULL, 1, NULL, 1, 1),
(2794, 81, 38, NULL, 0, NULL, 1, NULL, 1, 1),
(2795, 81, 42, NULL, 0, NULL, 1, NULL, 1, 1),
(2796, 81, 53, NULL, 0, NULL, 1, NULL, 1, 1),
(2797, 81, 31, NULL, 0, NULL, 1, NULL, 1, 1),
(2798, 81, 26, NULL, 0, NULL, 1, NULL, 1, 1),
(2799, 81, 39, NULL, 0, NULL, 1, NULL, 1, 1),
(2800, 81, 33, NULL, 0, NULL, 1, NULL, 1, 1),
(2801, 81, 52, NULL, 0, NULL, 1, NULL, 1, 1),
(2802, 81, 34, NULL, 0, NULL, 1, NULL, 1, 1),
(2803, 81, 25, NULL, 0, NULL, 1, NULL, 1, 1),
(2804, 81, 24, NULL, 0, NULL, 1, NULL, 1, 1),
(2805, 81, 43, NULL, 0, NULL, 1, NULL, 1, 1),
(2806, 81, 48, NULL, 0, NULL, 1, NULL, 1, 1),
(2807, 81, 51, NULL, 0, NULL, 1, NULL, 1, 1),
(2808, 81, 50, NULL, 0, NULL, 1, NULL, 1, 1),
(2809, 81, 49, 'encontra', 0, 49, 1, '2025-08-04 16:59:26', 1, 1),
(2810, 81, 36, NULL, 0, NULL, 1, NULL, 1, 1),
(2811, 81, 41, NULL, 0, NULL, 1, NULL, 1, 1),
(2812, 81, 23, NULL, 0, NULL, 1, NULL, 1, 1),
(2813, 81, 27, NULL, 0, NULL, 1, NULL, 1, 1),
(2814, 81, 44, NULL, 0, NULL, 1, NULL, 1, 1),
(2815, 81, 47, NULL, 0, NULL, 1, NULL, 1, 1),
(2816, 81, 45, NULL, 0, NULL, 1, NULL, 1, 1),
(2817, 81, 46, NULL, 0, NULL, 1, NULL, 1, 1),
(2818, 81, 20, NULL, 0, NULL, 1, NULL, 1, 1),
(2819, 81, 40, NULL, 0, NULL, 1, NULL, 1, 1),
(2820, 81, 35, NULL, 0, NULL, 1, NULL, 1, 1),
(2821, 81, 37, NULL, 0, NULL, 1, NULL, 1, 1),
(2822, 82, 30, 'afavor', 0, 19, 1, '2025-08-12 20:25:14', 1, 1),
(2823, 82, 21, NULL, 0, NULL, 1, NULL, 1, 1),
(2824, 82, 29, NULL, 0, NULL, 1, NULL, 1, 1),
(2825, 82, 22, NULL, 0, NULL, 1, NULL, 1, 1),
(2826, 82, 32, 'abstencion', 0, 19, 1, '2025-08-12 20:26:27', 1, 1),
(2827, 82, 28, NULL, 0, NULL, 1, NULL, 1, 1),
(2828, 82, 38, NULL, 0, NULL, 1, NULL, 1, 1),
(2829, 82, 42, NULL, 0, NULL, 1, NULL, 1, 1),
(2830, 82, 53, NULL, 0, NULL, 1, NULL, 1, 1),
(2831, 82, 31, NULL, 0, NULL, 1, NULL, 1, 1);
INSERT INTO `punto_usuario` (`id_punto_usuario`, `id_punto`, `id_usuario`, `opcion`, `es_razonado`, `votante`, `es_principal`, `fecha`, `estado`, `status`) VALUES
(2832, 82, 26, NULL, 0, NULL, 1, NULL, 1, 1),
(2833, 82, 39, 'afavor', 0, 19, 1, '2025-08-12 20:26:41', 1, 1),
(2834, 82, 33, NULL, 0, NULL, 1, NULL, 1, 1),
(2835, 82, 52, 'abstencion', 0, 19, 1, '2025-08-12 20:25:31', 1, 1),
(2836, 82, 34, NULL, 0, NULL, 1, NULL, 1, 1),
(2837, 82, 25, 'encontra', 0, 19, 1, '2025-08-12 20:25:19', 1, 1),
(2838, 82, 24, NULL, 0, NULL, 1, NULL, 1, 1),
(2839, 82, 43, NULL, 0, NULL, 1, NULL, 1, 1),
(2840, 82, 48, 'afavor', 0, 19, 1, '2025-08-12 20:25:45', 1, 1),
(2841, 82, 51, NULL, 0, NULL, 1, NULL, 1, 1),
(2842, 82, 50, NULL, 0, NULL, 1, NULL, 1, 1),
(2843, 82, 49, 'encontra', 0, 19, 1, '2025-08-12 20:34:36', 1, 1),
(2844, 82, 36, NULL, 0, NULL, 1, NULL, 1, 1),
(2845, 82, 41, NULL, 0, NULL, 1, NULL, 1, 1),
(2846, 82, 23, NULL, 0, NULL, 1, NULL, 1, 1),
(2847, 82, 27, NULL, 0, NULL, 1, NULL, 1, 1),
(2848, 82, 44, 'abstencion', 0, 19, 1, '2025-08-12 20:26:34', 1, 1),
(2849, 82, 47, NULL, 0, NULL, 1, NULL, 1, 1),
(2850, 82, 45, NULL, 0, NULL, 1, NULL, 1, 1),
(2851, 82, 46, NULL, 0, NULL, 1, NULL, 1, 1),
(2852, 82, 20, NULL, 0, NULL, 1, NULL, 0, 1),
(2853, 82, 40, NULL, 0, NULL, 1, NULL, 1, 1),
(2854, 82, 35, NULL, 0, NULL, 1, NULL, 1, 1),
(2855, 82, 37, NULL, 0, NULL, 1, NULL, 1, 1),
(2856, 83, 30, NULL, 0, NULL, 1, NULL, 1, 1),
(2857, 83, 21, NULL, 0, NULL, 1, NULL, 1, 1),
(2858, 83, 29, NULL, 0, NULL, 1, NULL, 1, 1),
(2859, 83, 22, NULL, 0, NULL, 1, NULL, 1, 1),
(2860, 83, 32, NULL, 0, NULL, 1, NULL, 1, 1),
(2861, 83, 28, NULL, 0, NULL, 1, NULL, 1, 1),
(2862, 83, 38, 'afavor', 0, 38, 1, '2025-07-30 13:55:17', 1, 1),
(2863, 83, 42, 'encontra', 1, 42, 1, '2025-07-30 13:55:06', 1, 1),
(2864, 83, 53, NULL, 0, NULL, 1, NULL, 1, 1),
(2865, 83, 31, NULL, 0, NULL, 1, NULL, 1, 1),
(2866, 83, 26, NULL, 0, NULL, 1, NULL, 1, 1),
(2867, 83, 39, 'afavor', 0, 39, 1, '2025-07-30 13:55:20', 1, 1),
(2868, 83, 33, 'abstencion', 0, 33, 1, '2025-07-30 13:55:35', 1, 1),
(2869, 83, 52, 'afavor', 0, 52, 1, '2025-07-30 13:56:00', 1, 1),
(2870, 83, 34, 'afavor', 0, 34, 1, '2025-07-30 13:55:04', 1, 1),
(2871, 83, 25, NULL, 0, NULL, 1, NULL, 1, 1),
(2872, 83, 24, NULL, 0, NULL, 1, NULL, 1, 1),
(2873, 83, 43, NULL, 0, NULL, 1, NULL, 1, 1),
(2874, 83, 48, NULL, 0, NULL, 1, NULL, 1, 1),
(2875, 83, 51, 'abstencion', 1, 51, 1, '2025-07-30 13:55:02', 1, 1),
(2876, 83, 50, 'abstencion', 1, 50, 1, '2025-07-30 13:55:22', 1, 1),
(2877, 83, 49, 'abstencion', 0, 49, 1, '2025-07-30 13:55:16', 1, 1),
(2878, 83, 36, NULL, 0, NULL, 1, NULL, 1, 1),
(2879, 83, 41, 'encontra', 0, 41, 1, '2025-07-30 13:55:14', 1, 1),
(2880, 83, 23, NULL, 0, NULL, 1, NULL, 1, 1),
(2881, 83, 27, NULL, 0, NULL, 1, NULL, 1, 1),
(2882, 83, 44, 'encontra', 0, 44, 1, '2025-07-30 13:55:06', 1, 1),
(2883, 83, 47, 'abstencion', 0, 47, 1, '2025-07-30 13:55:35', 1, 1),
(2884, 83, 45, NULL, 0, NULL, 1, NULL, 1, 1),
(2885, 83, 46, 'encontra', 0, 46, 1, '2025-07-30 13:55:30', 1, 1),
(2886, 83, 20, 'encontra', 0, 20, 1, '2025-07-30 14:09:25', 1, 1),
(2887, 83, 40, 'afavor', 0, 40, 1, '2025-07-30 13:55:07', 1, 1),
(2888, 83, 35, 'encontra', 0, 35, 1, '2025-07-30 13:55:06', 1, 1),
(2889, 83, 37, NULL, 0, NULL, 1, NULL, 1, 1),
(2890, 84, 23, 'afavor', 0, 1, 1, '2025-08-07 12:28:49', 1, 1),
(2891, 84, 31, 'afavor', 0, 1, 1, '2025-08-07 12:28:49', 1, 1),
(2892, 84, 27, 'afavor', 0, 1, 1, '2025-08-07 12:28:50', 1, 1),
(2893, 84, 25, 'afavor', 0, 1, 1, '2025-08-07 12:28:50', 1, 1),
(2894, 84, 30, 'afavor', 0, 1, 1, '2025-08-07 12:28:51', 1, 1),
(2895, 84, 22, 'afavor', 0, 1, 1, '2025-08-07 12:28:51', 1, 1),
(2896, 84, 21, 'afavor', 0, 1, 1, '2025-08-07 12:28:51', 1, 1),
(2897, 84, 29, 'afavor', 0, 1, 1, '2025-08-07 12:28:52', 1, 1),
(2898, 84, 26, 'afavor', 0, 1, 1, '2025-08-07 12:28:52', 1, 1),
(2899, 84, 32, 'afavor', 0, 1, 1, '2025-08-07 12:28:52', 1, 1),
(2900, 84, 39, 'afavor', 0, 1, 1, '2025-08-07 12:28:53', 1, 1),
(2901, 84, 40, 'afavor', 0, 1, 1, '2025-08-07 12:28:53', 1, 1),
(2902, 84, 36, 'afavor', 0, 1, 1, '2025-08-07 12:28:53', 1, 1),
(2903, 84, 24, 'afavor', 0, 1, 1, '2025-08-07 12:28:54', 1, 1),
(2904, 84, 52, 'afavor', 0, 1, 1, '2025-08-07 12:28:54', 1, 1),
(2905, 84, 37, 'afavor', 0, 1, 1, '2025-08-07 12:28:55', 1, 1),
(2906, 84, 50, 'afavor', 0, 1, 1, '2025-08-07 12:28:55', 1, 1),
(2907, 84, 42, 'afavor', 0, 1, 1, '2025-08-07 12:28:55', 1, 1),
(2908, 84, 46, 'afavor', 0, 1, 1, '2025-08-07 12:28:56', 1, 1),
(2909, 84, 44, 'afavor', 0, 1, 1, '2025-08-07 12:28:56', 1, 1),
(2910, 84, 45, 'afavor', 0, 1, 1, '2025-08-07 12:28:56', 1, 1),
(2911, 84, 43, 'afavor', 0, 1, 1, '2025-08-07 12:28:57', 1, 1),
(2912, 84, 47, 'afavor', 0, 1, 1, '2025-08-07 12:28:57', 1, 1),
(2913, 84, 53, 'afavor', 0, 1, 1, '2025-08-07 12:28:57', 1, 1),
(2914, 84, 51, 'afavor', 0, 1, 1, '2025-08-07 12:28:58', 1, 1),
(2915, 84, 41, 'afavor', 0, 1, 1, '2025-08-07 12:28:58', 1, 1),
(2916, 84, 49, 'afavor', 0, 1, 1, '2025-08-07 12:28:59', 1, 1),
(2917, 84, 28, 'afavor', 0, 1, 1, '2025-08-07 12:28:59', 1, 1),
(2918, 84, 33, 'afavor', 0, 1, 1, '2025-08-07 12:28:59', 1, 1),
(2919, 84, 35, 'afavor', 0, 1, 1, '2025-08-07 12:29:00', 1, 1),
(2920, 84, 38, 'afavor', 0, 1, 1, '2025-08-07 12:29:00', 1, 1),
(2921, 84, 20, 'afavor', 0, 1, 1, '2025-08-07 12:29:01', 0, 1),
(2922, 84, 34, 'afavor', 0, 1, 1, '2025-08-07 12:29:00', 1, 1),
(2923, 84, 48, 'afavor', 0, 1, 1, '2025-08-07 12:29:01', 1, 1),
(2924, 85, 23, NULL, 0, NULL, 1, NULL, 1, 1),
(2925, 85, 31, NULL, 0, NULL, 1, NULL, 1, 1),
(2926, 85, 27, NULL, 0, NULL, 1, NULL, 1, 1),
(2927, 85, 25, NULL, 0, NULL, 1, NULL, 1, 1),
(2928, 85, 30, NULL, 0, NULL, 1, NULL, 1, 1),
(2929, 85, 22, NULL, 0, NULL, 1, NULL, 1, 1),
(2930, 85, 21, NULL, 0, NULL, 1, NULL, 1, 1),
(2931, 85, 29, NULL, 0, NULL, 1, NULL, 1, 1),
(2932, 85, 26, NULL, 0, NULL, 1, NULL, 1, 1),
(2933, 85, 32, NULL, 0, NULL, 1, NULL, 1, 1),
(2934, 85, 39, NULL, 0, NULL, 1, NULL, 1, 1),
(2935, 85, 40, NULL, 0, NULL, 1, NULL, 1, 1),
(2936, 85, 36, NULL, 0, NULL, 1, NULL, 1, 1),
(2937, 85, 24, NULL, 0, NULL, 1, NULL, 1, 1),
(2938, 85, 52, NULL, 0, NULL, 1, NULL, 1, 1),
(2939, 85, 37, NULL, 0, NULL, 1, NULL, 1, 1),
(2940, 85, 50, NULL, 0, NULL, 1, NULL, 1, 1),
(2941, 85, 42, NULL, 0, NULL, 1, NULL, 1, 1),
(2942, 85, 46, NULL, 0, NULL, 1, NULL, 1, 1),
(2943, 85, 44, NULL, 0, NULL, 1, NULL, 1, 1),
(2944, 85, 45, NULL, 0, NULL, 1, NULL, 1, 1),
(2945, 85, 43, NULL, 0, NULL, 1, NULL, 1, 1),
(2946, 85, 47, NULL, 0, NULL, 1, NULL, 1, 1),
(2947, 85, 53, NULL, 0, NULL, 1, NULL, 1, 1),
(2948, 85, 51, NULL, 0, NULL, 1, NULL, 1, 1),
(2949, 85, 41, NULL, 0, NULL, 1, NULL, 1, 1),
(2950, 85, 49, NULL, 0, NULL, 1, NULL, 1, 1),
(2951, 85, 28, NULL, 0, NULL, 1, NULL, 1, 1),
(2952, 85, 33, NULL, 0, NULL, 1, NULL, 1, 1),
(2953, 85, 35, NULL, 0, NULL, 1, NULL, 1, 1),
(2954, 85, 38, NULL, 0, NULL, 1, NULL, 1, 1),
(2955, 85, 20, NULL, 0, NULL, 1, NULL, 0, 1),
(2956, 85, 34, NULL, 0, NULL, 1, NULL, 1, 1),
(2957, 85, 48, NULL, 0, NULL, 1, NULL, 1, 1),
(2958, 86, 23, NULL, 0, NULL, 1, NULL, 1, 1),
(2959, 86, 31, NULL, 0, NULL, 1, NULL, 1, 1),
(2960, 86, 27, NULL, 0, NULL, 1, NULL, 1, 1),
(2961, 86, 25, NULL, 0, NULL, 1, NULL, 1, 1),
(2962, 86, 30, NULL, 0, NULL, 1, NULL, 1, 1),
(2963, 86, 22, NULL, 0, NULL, 1, NULL, 1, 1),
(2964, 86, 21, NULL, 0, NULL, 1, NULL, 1, 1),
(2965, 86, 29, NULL, 0, NULL, 1, NULL, 1, 1),
(2966, 86, 26, NULL, 0, NULL, 1, NULL, 1, 1),
(2967, 86, 32, NULL, 0, NULL, 1, NULL, 1, 1),
(2968, 86, 39, NULL, 0, NULL, 1, NULL, 1, 1),
(2969, 86, 40, NULL, 0, NULL, 1, NULL, 1, 1),
(2970, 86, 36, NULL, 0, NULL, 1, NULL, 1, 1),
(2971, 86, 24, NULL, 0, NULL, 1, NULL, 1, 1),
(2972, 86, 52, NULL, 0, NULL, 1, NULL, 1, 1),
(2973, 86, 37, NULL, 0, NULL, 1, NULL, 1, 1),
(2974, 86, 50, NULL, 0, NULL, 1, NULL, 1, 1),
(2975, 86, 42, NULL, 0, NULL, 1, NULL, 1, 1),
(2976, 86, 46, NULL, 0, NULL, 1, NULL, 1, 1),
(2977, 86, 44, NULL, 0, NULL, 1, NULL, 1, 1),
(2978, 86, 45, NULL, 0, NULL, 1, NULL, 1, 1),
(2979, 86, 43, NULL, 0, NULL, 1, NULL, 1, 1),
(2980, 86, 47, NULL, 0, NULL, 1, NULL, 1, 1),
(2981, 86, 53, NULL, 0, NULL, 1, NULL, 0, 1),
(2982, 86, 51, NULL, 0, NULL, 1, NULL, 1, 1),
(2983, 86, 41, NULL, 0, NULL, 1, NULL, 1, 1),
(2984, 86, 49, 'afavor', 0, 49, 1, '2025-08-07 12:42:36', 1, 1),
(2985, 86, 28, NULL, 0, NULL, 1, NULL, 1, 1),
(2986, 86, 33, NULL, 0, NULL, 1, NULL, 1, 1),
(2987, 86, 35, NULL, 0, NULL, 1, NULL, 1, 1),
(2988, 86, 38, NULL, 0, NULL, 1, NULL, 1, 1),
(2989, 86, 20, NULL, 0, NULL, 1, NULL, 0, 1),
(2990, 86, 34, NULL, 0, NULL, 1, NULL, 1, 1),
(2991, 86, 48, NULL, 0, NULL, 1, NULL, 1, 1),
(2992, 87, 23, NULL, 0, NULL, 1, NULL, 1, 1),
(2993, 87, 31, NULL, 0, NULL, 1, NULL, 1, 1),
(2994, 87, 27, NULL, 0, NULL, 1, NULL, 1, 1),
(2995, 87, 25, NULL, 0, NULL, 1, NULL, 1, 1),
(2996, 87, 30, NULL, 0, NULL, 1, NULL, 1, 1),
(2997, 87, 22, NULL, 0, NULL, 1, NULL, 1, 1),
(2998, 87, 21, NULL, 0, NULL, 1, NULL, 1, 1),
(2999, 87, 29, NULL, 0, NULL, 1, NULL, 1, 1),
(3000, 87, 26, NULL, 0, NULL, 1, NULL, 1, 1),
(3001, 87, 32, NULL, 0, NULL, 1, NULL, 1, 1),
(3002, 87, 39, NULL, 0, NULL, 1, NULL, 1, 1),
(3003, 87, 40, NULL, 0, NULL, 1, NULL, 1, 1),
(3004, 87, 36, NULL, 0, NULL, 1, NULL, 1, 1),
(3005, 87, 24, NULL, 0, NULL, 1, NULL, 1, 1),
(3006, 87, 52, NULL, 0, NULL, 1, NULL, 1, 1),
(3007, 87, 37, NULL, 0, NULL, 1, NULL, 1, 1),
(3008, 87, 50, NULL, 0, NULL, 1, NULL, 1, 1),
(3009, 87, 42, NULL, 0, NULL, 1, NULL, 1, 1),
(3010, 87, 46, NULL, 0, NULL, 1, NULL, 1, 1),
(3011, 87, 44, NULL, 0, NULL, 1, NULL, 1, 1),
(3012, 87, 45, NULL, 0, NULL, 1, NULL, 1, 1),
(3013, 87, 43, NULL, 0, NULL, 1, NULL, 1, 1),
(3014, 87, 47, NULL, 0, NULL, 1, NULL, 1, 1),
(3015, 87, 53, NULL, 0, NULL, 1, NULL, 1, 1),
(3016, 87, 51, NULL, 0, NULL, 1, NULL, 1, 1),
(3017, 87, 41, NULL, 0, NULL, 1, NULL, 1, 1),
(3018, 87, 49, NULL, 0, NULL, 1, NULL, 1, 1),
(3019, 87, 28, NULL, 0, NULL, 1, NULL, 1, 1),
(3020, 87, 33, NULL, 0, NULL, 1, NULL, 1, 1),
(3021, 87, 35, NULL, 0, NULL, 1, NULL, 1, 1),
(3022, 87, 38, NULL, 0, NULL, 1, NULL, 1, 1),
(3023, 87, 20, NULL, 0, NULL, 1, NULL, 0, 1),
(3024, 87, 34, NULL, 0, NULL, 1, NULL, 1, 1),
(3025, 87, 48, NULL, 0, NULL, 1, NULL, 1, 1),
(3026, 88, 23, NULL, 0, NULL, 1, NULL, 1, 1),
(3027, 88, 31, NULL, 0, NULL, 1, NULL, 1, 1),
(3028, 88, 27, NULL, 0, NULL, 1, NULL, 1, 1),
(3029, 88, 25, NULL, 0, NULL, 1, NULL, 1, 1),
(3030, 88, 30, NULL, 0, NULL, 1, NULL, 1, 1),
(3031, 88, 22, NULL, 0, NULL, 1, NULL, 1, 1),
(3032, 88, 21, NULL, 0, NULL, 1, NULL, 1, 1),
(3033, 88, 29, NULL, 0, NULL, 1, NULL, 1, 1),
(3034, 88, 26, NULL, 0, NULL, 1, NULL, 1, 1),
(3035, 88, 32, NULL, 0, NULL, 1, NULL, 1, 1),
(3036, 88, 39, NULL, 0, NULL, 1, NULL, 1, 1),
(3037, 88, 40, NULL, 0, NULL, 1, NULL, 1, 1),
(3038, 88, 36, NULL, 0, NULL, 1, NULL, 1, 1),
(3039, 88, 24, NULL, 0, NULL, 1, NULL, 1, 1),
(3040, 88, 52, NULL, 0, NULL, 1, NULL, 1, 1),
(3041, 88, 37, NULL, 0, NULL, 1, NULL, 1, 1),
(3042, 88, 50, NULL, 0, NULL, 1, NULL, 1, 1),
(3043, 88, 42, NULL, 0, NULL, 1, NULL, 1, 1),
(3044, 88, 46, NULL, 0, NULL, 1, NULL, 1, 1),
(3045, 88, 44, NULL, 0, NULL, 1, NULL, 1, 1),
(3046, 88, 45, NULL, 0, NULL, 1, NULL, 1, 1),
(3047, 88, 43, NULL, 0, NULL, 1, NULL, 1, 1),
(3048, 88, 47, NULL, 0, NULL, 1, NULL, 1, 1),
(3049, 88, 53, NULL, 0, NULL, 1, NULL, 1, 1),
(3050, 88, 51, NULL, 0, NULL, 1, NULL, 1, 1),
(3051, 88, 41, NULL, 0, NULL, 1, NULL, 1, 1),
(3052, 88, 49, NULL, 0, NULL, 1, NULL, 1, 1),
(3053, 88, 28, NULL, 0, NULL, 1, NULL, 1, 1),
(3054, 88, 33, NULL, 0, NULL, 1, NULL, 1, 1),
(3055, 88, 35, NULL, 0, NULL, 1, NULL, 1, 1),
(3056, 88, 38, NULL, 0, NULL, 1, NULL, 1, 1),
(3057, 88, 20, NULL, 0, NULL, 1, NULL, 0, 1),
(3058, 88, 34, NULL, 0, NULL, 1, NULL, 1, 1),
(3059, 88, 48, NULL, 0, NULL, 1, NULL, 1, 1),
(3060, 89, 23, NULL, 0, NULL, 1, NULL, 1, 1),
(3061, 89, 31, NULL, 0, NULL, 1, NULL, 1, 1),
(3062, 89, 27, NULL, 0, NULL, 1, NULL, 1, 1),
(3063, 89, 25, NULL, 0, NULL, 1, NULL, 1, 1),
(3064, 89, 30, NULL, 0, NULL, 1, NULL, 1, 1),
(3065, 89, 22, NULL, 0, NULL, 1, NULL, 1, 1),
(3066, 89, 21, NULL, 0, NULL, 1, NULL, 1, 1),
(3067, 89, 29, NULL, 0, NULL, 1, NULL, 1, 1),
(3068, 89, 26, NULL, 0, NULL, 1, NULL, 1, 1),
(3069, 89, 32, NULL, 0, NULL, 1, NULL, 1, 1),
(3070, 89, 39, NULL, 0, NULL, 1, NULL, 1, 1),
(3071, 89, 40, NULL, 0, NULL, 1, NULL, 1, 1),
(3072, 89, 36, NULL, 0, NULL, 1, NULL, 1, 1),
(3073, 89, 24, NULL, 0, NULL, 1, NULL, 1, 1),
(3074, 89, 52, NULL, 0, NULL, 1, NULL, 1, 1),
(3075, 89, 37, NULL, 0, NULL, 1, NULL, 1, 1),
(3076, 89, 50, NULL, 0, NULL, 1, NULL, 1, 1),
(3077, 89, 42, NULL, 0, NULL, 1, NULL, 1, 1),
(3078, 89, 46, NULL, 0, NULL, 1, NULL, 1, 1),
(3079, 89, 44, NULL, 0, NULL, 1, NULL, 1, 1),
(3080, 89, 45, NULL, 0, NULL, 1, NULL, 1, 1),
(3081, 89, 43, NULL, 0, NULL, 1, NULL, 1, 1),
(3082, 89, 47, NULL, 0, NULL, 1, NULL, 1, 1),
(3083, 89, 53, NULL, 0, NULL, 1, NULL, 1, 1),
(3084, 89, 51, NULL, 0, NULL, 1, NULL, 1, 1),
(3085, 89, 41, NULL, 0, NULL, 1, NULL, 1, 1),
(3086, 89, 49, NULL, 0, NULL, 1, NULL, 1, 1),
(3087, 89, 28, NULL, 0, NULL, 1, NULL, 1, 1),
(3088, 89, 33, NULL, 0, NULL, 1, NULL, 1, 1),
(3089, 89, 35, NULL, 0, NULL, 1, NULL, 1, 1),
(3090, 89, 38, NULL, 0, NULL, 1, NULL, 1, 1),
(3091, 89, 20, NULL, 0, NULL, 1, NULL, 0, 1),
(3092, 89, 34, NULL, 0, NULL, 1, NULL, 1, 1),
(3093, 89, 48, NULL, 0, NULL, 1, NULL, 1, 1),
(3094, 90, 22, NULL, 0, NULL, 1, NULL, 1, 1),
(3095, 90, 21, NULL, 0, NULL, 1, NULL, 1, 1),
(3096, 90, 28, NULL, 0, NULL, 1, NULL, 1, 1),
(3097, 90, 20, NULL, 0, NULL, 1, NULL, 0, 1),
(3098, 90, 33, NULL, 0, NULL, 1, NULL, 1, 1),
(3099, 90, 25, NULL, 0, NULL, 1, NULL, 1, 1),
(3100, 90, 34, NULL, 0, NULL, 1, NULL, 1, 1),
(3101, 90, 23, NULL, 0, NULL, 1, NULL, 1, 1),
(3102, 90, 31, NULL, 0, NULL, 1, NULL, 1, 1),
(3103, 90, 29, 'encontra', 0, 1, 1, '2025-08-07 12:11:19', 1, 1),
(3104, 90, 35, NULL, 0, NULL, 1, NULL, 1, 1),
(3105, 90, 27, NULL, 0, NULL, 1, NULL, 1, 1),
(3106, 90, 24, NULL, 0, NULL, 1, NULL, 1, 1),
(3107, 90, 40, NULL, 0, NULL, 1, NULL, 1, 1),
(3108, 90, 38, NULL, 0, NULL, 1, NULL, 1, 1),
(3109, 90, 36, NULL, 0, NULL, 1, NULL, 1, 1),
(3110, 90, 43, NULL, 0, NULL, 1, NULL, 1, 1),
(3111, 90, 42, NULL, 0, NULL, 1, NULL, 1, 1),
(3112, 90, 26, NULL, 0, NULL, 1, NULL, 1, 1),
(3113, 90, 30, NULL, 0, NULL, 1, NULL, 1, 1),
(3114, 90, 39, NULL, 0, NULL, 1, NULL, 1, 1),
(3115, 90, 32, NULL, 0, NULL, 1, NULL, 1, 1),
(3116, 90, 41, NULL, 0, NULL, 1, NULL, 1, 1),
(3117, 90, 52, NULL, 0, NULL, 1, NULL, 1, 1),
(3118, 90, 45, NULL, 0, NULL, 1, NULL, 1, 1),
(3119, 90, 50, NULL, 0, NULL, 1, NULL, 1, 1),
(3120, 90, 53, NULL, 0, NULL, 1, NULL, 1, 1),
(3121, 90, 37, NULL, 0, NULL, 1, NULL, 1, 1),
(3122, 90, 47, NULL, 0, NULL, 1, NULL, 1, 1),
(3123, 90, 48, NULL, 0, NULL, 1, NULL, 1, 1),
(3124, 90, 44, NULL, 0, NULL, 1, NULL, 1, 1),
(3125, 90, 54, 'abstencion', 0, 54, 1, '2025-08-07 12:14:23', 1, 1),
(3126, 90, 51, 'encontra', 0, 1, 1, '2025-08-07 12:16:36', 1, 1),
(3127, 90, 49, NULL, 0, NULL, 1, NULL, 1, 1),
(3128, 90, 46, NULL, 0, NULL, 1, NULL, 1, 1),
(3163, 91, 22, NULL, 0, NULL, 1, NULL, 1, 1),
(3164, 91, 21, NULL, 0, NULL, 1, NULL, 1, 1),
(3165, 91, 28, NULL, 0, NULL, 1, NULL, 1, 1),
(3166, 91, 20, NULL, 0, NULL, 1, NULL, 0, 1),
(3167, 91, 33, NULL, 0, NULL, 1, NULL, 1, 1),
(3168, 91, 25, NULL, 0, NULL, 1, NULL, 1, 1),
(3169, 91, 34, NULL, 0, NULL, 1, NULL, 1, 1),
(3170, 91, 23, NULL, 0, NULL, 1, NULL, 1, 1),
(3171, 91, 31, NULL, 0, NULL, 1, NULL, 1, 1),
(3172, 91, 29, NULL, 0, NULL, 1, NULL, 1, 1),
(3173, 91, 35, NULL, 0, NULL, 1, NULL, 1, 1),
(3174, 91, 27, NULL, 0, NULL, 1, NULL, 1, 1),
(3175, 91, 24, NULL, 0, NULL, 1, NULL, 1, 1),
(3176, 91, 40, NULL, 0, NULL, 1, NULL, 1, 1),
(3177, 91, 38, NULL, 0, NULL, 1, NULL, 1, 1),
(3178, 91, 36, NULL, 0, NULL, 1, NULL, 1, 1),
(3179, 91, 43, NULL, 0, NULL, 1, NULL, 1, 1),
(3180, 91, 42, NULL, 0, NULL, 1, NULL, 1, 1),
(3181, 91, 26, NULL, 0, NULL, 1, NULL, 1, 1),
(3182, 91, 30, NULL, 0, NULL, 1, NULL, 1, 1),
(3183, 91, 39, NULL, 0, NULL, 1, NULL, 1, 1),
(3184, 91, 32, NULL, 0, NULL, 1, NULL, 1, 1),
(3185, 91, 41, NULL, 0, NULL, 1, NULL, 1, 1),
(3186, 91, 52, NULL, 0, NULL, 1, NULL, 1, 1),
(3187, 91, 45, NULL, 0, NULL, 1, NULL, 1, 1),
(3188, 91, 50, NULL, 0, NULL, 1, NULL, 1, 1),
(3189, 91, 53, NULL, 0, NULL, 1, NULL, 1, 1),
(3190, 91, 37, NULL, 0, NULL, 1, NULL, 1, 1),
(3191, 91, 47, NULL, 0, NULL, 1, NULL, 1, 1),
(3192, 91, 48, NULL, 0, NULL, 1, NULL, 1, 1),
(3193, 91, 44, NULL, 0, NULL, 1, NULL, 1, 1),
(3194, 91, 54, NULL, 0, NULL, 1, NULL, 1, 1),
(3195, 91, 51, NULL, 0, NULL, 1, NULL, 1, 1),
(3196, 91, 49, NULL, 0, NULL, 1, NULL, 1, 1),
(3197, 91, 46, NULL, 0, NULL, 1, NULL, 1, 1),
(3232, 92, 22, 'afavor', 0, 1, 1, '2025-08-07 12:23:35', 1, 1),
(3233, 92, 21, 'afavor', 0, 1, 1, '2025-08-07 12:23:47', 1, 1),
(3234, 92, 28, 'afavor', 0, 1, 1, '2025-08-07 12:23:43', 1, 1),
(3235, 92, 20, 'abstencion', 0, 1, 1, '2025-08-07 12:23:49', 0, 1),
(3236, 92, 33, 'afavor', 0, 1, 1, '2025-08-07 12:23:43', 1, 1),
(3237, 92, 25, 'afavor', 0, 1, 1, '2025-08-07 12:23:37', 1, 1),
(3238, 92, 34, 'afavor', 0, 1, 1, '2025-08-07 12:23:42', 1, 1),
(3239, 92, 23, 'encontra', 0, 1, 1, '2025-08-07 12:23:37', 1, 1),
(3240, 92, 31, 'afavor', 0, 1, 1, '2025-08-07 12:23:36', 1, 1),
(3241, 92, 29, 'afavor', 0, 1, 1, '2025-08-07 12:23:39', 1, 1),
(3242, 92, 35, 'afavor', 0, 1, 1, '2025-08-07 12:23:43', 1, 1),
(3243, 92, 27, 'afavor', 0, 1, 1, '2025-08-07 12:23:38', 1, 1),
(3244, 92, 24, 'encontra', 0, 1, 1, '2025-08-07 12:23:35', 1, 1),
(3245, 92, 40, 'afavor', 0, 1, 1, '2025-08-07 12:23:42', 1, 1),
(3246, 92, 38, 'afavor', 0, 1, 1, '2025-08-07 12:23:41', 1, 1),
(3247, 92, 36, 'afavor', 0, 1, 1, '2025-08-07 12:23:41', 1, 1),
(3248, 92, 43, 'afavor', 0, 1, 1, '2025-08-07 12:23:40', 1, 1),
(3249, 92, 42, 'afavor', 0, 1, 1, '2025-08-07 12:23:39', 1, 1),
(3250, 92, 26, 'encontra', 0, 1, 1, '2025-08-07 12:23:35', 1, 1),
(3251, 92, 30, 'afavor', 0, 1, 1, '2025-08-07 12:23:36', 1, 1),
(3252, 92, 39, 'afavor', 0, 1, 1, '2025-08-07 12:23:38', 1, 1),
(3253, 92, 32, 'afavor', 0, 1, 1, '2025-08-07 12:23:38', 1, 1),
(3254, 92, 41, 'afavor', 0, 1, 1, '2025-08-07 12:23:40', 1, 1),
(3255, 92, 52, 'afavor', 0, 1, 1, '2025-08-07 12:23:48', 1, 1),
(3256, 92, 45, 'afavor', 0, 1, 1, '2025-08-07 12:23:45', 1, 1),
(3257, 92, 50, 'encontra', 0, 1, 1, '2025-08-07 12:23:47', 1, 1),
(3258, 92, 53, 'afavor', 0, 1, 1, '2025-08-07 12:23:48', 1, 1),
(3259, 92, 37, 'afavor', 0, 1, 1, '2025-08-07 12:23:40', 1, 1),
(3260, 92, 47, 'afavor', 0, 1, 1, '2025-08-07 12:23:44', 1, 1),
(3261, 92, 48, 'afavor', 0, 1, 1, '2025-08-07 12:23:46', 1, 1),
(3262, 92, 44, 'afavor', 0, 1, 1, '2025-08-07 12:23:44', 1, 1),
(3263, 92, 54, 'afavor', 0, 1, 1, '2025-08-07 12:23:33', 1, 1),
(3264, 92, 51, 'afavor', 0, 1, 1, '2025-08-07 12:23:45', 1, 1),
(3265, 92, 49, 'afavor', 0, 1, 1, '2025-08-07 12:23:45', 1, 1),
(3266, 92, 46, 'afavor', 0, 1, 1, '2025-08-07 12:23:46', 1, 1),
(3301, 93, 22, NULL, 0, NULL, 1, NULL, 1, 1),
(3302, 93, 21, NULL, 0, NULL, 1, NULL, 1, 1),
(3303, 93, 28, NULL, 0, NULL, 1, NULL, 1, 1),
(3304, 93, 20, NULL, 0, NULL, 1, NULL, 0, 1),
(3305, 93, 33, NULL, 0, NULL, 1, NULL, 1, 1),
(3306, 93, 25, NULL, 0, NULL, 1, NULL, 1, 1),
(3307, 93, 34, NULL, 0, NULL, 1, NULL, 1, 1),
(3308, 93, 23, NULL, 0, NULL, 1, NULL, 1, 1),
(3309, 93, 31, NULL, 0, NULL, 1, NULL, 1, 1),
(3310, 93, 29, NULL, 0, NULL, 1, NULL, 1, 1),
(3311, 93, 35, NULL, 0, NULL, 1, NULL, 1, 1),
(3312, 93, 27, NULL, 0, NULL, 1, NULL, 1, 1),
(3313, 93, 24, NULL, 0, NULL, 1, NULL, 1, 1),
(3314, 93, 40, NULL, 0, NULL, 1, NULL, 1, 1),
(3315, 93, 38, NULL, 0, NULL, 1, NULL, 1, 1),
(3316, 93, 36, NULL, 0, NULL, 1, NULL, 1, 1),
(3317, 93, 43, NULL, 0, NULL, 1, NULL, 1, 1),
(3318, 93, 42, NULL, 0, NULL, 1, NULL, 1, 1),
(3319, 93, 26, NULL, 0, NULL, 1, NULL, 1, 1),
(3320, 93, 30, NULL, 0, NULL, 1, NULL, 1, 1),
(3321, 93, 39, NULL, 0, NULL, 1, NULL, 1, 1),
(3322, 93, 32, NULL, 0, NULL, 1, NULL, 1, 1),
(3323, 93, 41, NULL, 0, NULL, 1, NULL, 1, 1),
(3324, 93, 52, NULL, 0, NULL, 1, NULL, 1, 1),
(3325, 93, 45, NULL, 0, NULL, 1, NULL, 1, 1),
(3326, 93, 50, NULL, 0, NULL, 1, NULL, 1, 1),
(3327, 93, 53, NULL, 0, NULL, 1, NULL, 1, 1),
(3328, 93, 37, NULL, 0, NULL, 1, NULL, 1, 1),
(3329, 93, 47, NULL, 0, NULL, 1, NULL, 1, 1),
(3330, 93, 48, NULL, 0, NULL, 1, NULL, 1, 1),
(3331, 93, 44, NULL, 0, NULL, 1, NULL, 1, 1),
(3332, 93, 54, NULL, 0, NULL, 1, NULL, 1, 1),
(3333, 93, 51, NULL, 0, NULL, 1, NULL, 1, 1),
(3334, 93, 49, NULL, 0, NULL, 1, NULL, 1, 1),
(3335, 93, 46, NULL, 0, NULL, 1, NULL, 1, 1),
(3370, 94, 22, NULL, 0, NULL, 1, NULL, 1, 1),
(3371, 94, 21, NULL, 0, NULL, 1, NULL, 1, 1),
(3372, 94, 28, NULL, 0, NULL, 1, NULL, 1, 1),
(3373, 94, 20, NULL, 0, NULL, 1, NULL, 0, 1),
(3374, 94, 33, NULL, 0, NULL, 1, NULL, 1, 1),
(3375, 94, 25, NULL, 0, NULL, 1, NULL, 1, 1),
(3376, 94, 34, NULL, 0, NULL, 1, NULL, 1, 1),
(3377, 94, 23, NULL, 0, NULL, 1, NULL, 1, 1),
(3378, 94, 31, NULL, 0, NULL, 1, NULL, 1, 1),
(3379, 94, 29, NULL, 0, NULL, 1, NULL, 1, 1),
(3380, 94, 35, NULL, 0, NULL, 1, NULL, 1, 1),
(3381, 94, 27, NULL, 0, NULL, 1, NULL, 1, 1),
(3382, 94, 24, NULL, 0, NULL, 1, NULL, 1, 1),
(3383, 94, 40, NULL, 0, NULL, 1, NULL, 1, 1),
(3384, 94, 38, NULL, 0, NULL, 1, NULL, 1, 1),
(3385, 94, 36, NULL, 0, NULL, 1, NULL, 1, 1),
(3386, 94, 43, NULL, 0, NULL, 1, NULL, 1, 1),
(3387, 94, 42, NULL, 0, NULL, 1, NULL, 1, 1),
(3388, 94, 26, NULL, 0, NULL, 1, NULL, 1, 1),
(3389, 94, 30, NULL, 0, NULL, 1, NULL, 1, 1),
(3390, 94, 39, NULL, 0, NULL, 1, NULL, 1, 1),
(3391, 94, 32, NULL, 0, NULL, 1, NULL, 1, 1),
(3392, 94, 41, NULL, 0, NULL, 1, NULL, 1, 1),
(3393, 94, 52, NULL, 0, NULL, 1, NULL, 1, 1),
(3394, 94, 45, NULL, 0, NULL, 1, NULL, 1, 1),
(3395, 94, 50, NULL, 0, NULL, 1, NULL, 1, 1),
(3396, 94, 53, 'afavor', 0, 1, 1, '2025-08-07 12:30:19', 1, 1),
(3397, 94, 37, NULL, 0, NULL, 1, NULL, 1, 1),
(3398, 94, 47, NULL, 0, NULL, 1, NULL, 1, 1),
(3399, 94, 48, NULL, 0, NULL, 1, NULL, 1, 1),
(3400, 94, 44, NULL, 0, NULL, 1, NULL, 1, 1),
(3401, 94, 54, NULL, 0, NULL, 1, NULL, 1, 1),
(3402, 94, 51, NULL, 0, NULL, 1, NULL, 1, 1),
(3403, 94, 49, NULL, 0, NULL, 1, NULL, 1, 1),
(3404, 94, 46, NULL, 0, NULL, 1, NULL, 1, 1),
(3439, 95, 22, 'encontra', 0, 1, 1, '2025-08-07 12:32:24', 1, 1),
(3440, 95, 21, 'afavor', 0, 1, 1, '2025-08-07 12:32:35', 1, 1),
(3441, 95, 28, 'afavor', 0, 1, 1, '2025-08-07 12:32:31', 1, 1),
(3442, 95, 20, 'afavor', 0, 1, 1, '2025-08-07 12:32:37', 0, 1),
(3443, 95, 33, 'afavor', 0, 1, 1, '2025-08-07 12:32:31', 1, 1),
(3444, 95, 25, 'afavor', 0, 1, 1, '2025-08-07 12:32:26', 1, 1),
(3445, 95, 34, 'afavor', 0, 1, 1, '2025-08-07 12:32:31', 1, 1),
(3446, 95, 23, 'afavor', 0, 1, 1, '2025-08-07 12:32:26', 1, 1),
(3447, 95, 31, 'afavor', 0, 1, 1, '2025-08-07 12:32:25', 1, 1),
(3448, 95, 29, 'afavor', 0, 1, 1, '2025-08-07 12:32:28', 1, 1),
(3449, 95, 35, 'afavor', 0, 1, 1, '2025-08-07 12:32:32', 1, 1),
(3450, 95, 27, 'afavor', 0, 1, 1, '2025-08-07 12:32:26', 1, 1),
(3451, 95, 24, 'afavor', 0, 1, 1, '2025-08-07 12:32:25', 1, 1),
(3452, 95, 40, 'afavor', 0, 1, 1, '2025-08-07 12:32:30', 1, 1),
(3453, 95, 38, 'afavor', 0, 1, 1, '2025-08-07 12:32:29', 1, 1),
(3454, 95, 36, 'afavor', 0, 1, 1, '2025-08-07 12:32:30', 1, 1),
(3455, 95, 43, 'afavor', 0, 1, 1, '2025-08-07 12:32:29', 1, 1),
(3456, 95, 42, 'afavor', 0, 1, 1, '2025-08-07 12:32:28', 1, 1),
(3457, 95, 26, 'afavor', 0, 1, 1, '2025-08-07 12:32:24', 1, 1),
(3458, 95, 30, 'afavor', 0, 1, 1, '2025-08-07 12:32:25', 1, 1),
(3459, 95, 39, 'afavor', 0, 1, 1, '2025-08-07 12:32:27', 1, 1),
(3460, 95, 32, 'afavor', 0, 1, 1, '2025-08-07 12:32:27', 1, 1),
(3461, 95, 41, 'afavor', 0, 1, 1, '2025-08-07 12:32:29', 1, 1),
(3462, 95, 52, 'afavor', 0, 1, 1, '2025-08-07 12:32:36', 1, 1),
(3463, 95, 45, 'afavor', 0, 1, 1, '2025-08-07 12:32:33', 1, 1),
(3464, 95, 50, 'afavor', 0, 1, 1, '2025-08-07 12:32:35', 1, 1),
(3465, 95, 53, 'afavor', 0, 1, 1, '2025-08-07 12:32:36', 1, 1),
(3466, 95, 37, 'afavor', 0, 1, 1, '2025-08-07 12:32:28', 1, 1),
(3467, 95, 47, 'afavor', 0, 1, 1, '2025-08-07 12:32:33', 1, 1),
(3468, 95, 48, 'afavor', 0, 1, 1, '2025-08-07 12:32:34', 1, 1),
(3469, 95, 44, 'afavor', 0, 1, 1, '2025-08-07 12:32:32', 1, 1),
(3470, 95, 54, 'afavor', 0, 1, 1, '2025-08-07 12:32:22', 1, 1),
(3471, 95, 51, 'afavor', 0, 1, 1, '2025-08-07 12:32:34', 1, 1),
(3472, 95, 49, 'afavor', 0, 1, 1, '2025-08-07 12:32:33', 1, 1),
(3473, 95, 46, 'afavor', 0, 1, 1, '2025-08-07 12:32:34', 1, 1),
(3508, 96, 22, 'afavor', 0, 1, 1, '2025-08-07 12:34:00', 1, 1),
(3509, 96, 21, 'afavor', 0, 1, 1, '2025-08-07 12:34:11', 1, 1),
(3510, 96, 28, 'afavor', 0, 1, 1, '2025-08-07 12:34:07', 1, 1),
(3511, 96, 20, 'afavor', 0, 1, 1, '2025-08-07 12:34:13', 0, 1),
(3512, 96, 33, 'afavor', 0, 1, 1, '2025-08-07 12:34:07', 1, 1),
(3513, 96, 25, 'afavor', 0, 1, 1, '2025-08-07 12:34:02', 1, 1),
(3514, 96, 34, 'afavor', 0, 1, 1, '2025-08-07 12:34:07', 1, 1),
(3515, 96, 23, 'afavor', 0, 1, 1, '2025-08-07 12:34:02', 1, 1),
(3516, 96, 31, 'afavor', 0, 1, 1, '2025-08-07 12:34:01', 1, 1),
(3517, 96, 29, 'afavor', 0, 1, 1, '2025-08-07 12:34:04', 1, 1),
(3518, 96, 35, 'afavor', 0, 1, 1, '2025-08-07 12:34:08', 1, 1),
(3519, 96, 27, 'afavor', 0, 1, 1, '2025-08-07 12:34:02', 1, 1),
(3520, 96, 24, 'afavor', 0, 1, 1, '2025-08-07 12:34:00', 1, 1),
(3521, 96, 40, 'afavor', 0, 1, 1, '2025-08-07 12:34:06', 1, 1),
(3522, 96, 38, 'afavor', 0, 1, 1, '2025-08-07 12:34:05', 1, 1),
(3523, 96, 36, 'afavor', 0, 1, 1, '2025-08-07 12:34:06', 1, 1),
(3524, 96, 43, 'afavor', 0, 1, 1, '2025-08-07 12:34:05', 1, 1),
(3525, 96, 42, 'afavor', 0, 1, 1, '2025-08-07 12:34:04', 1, 1),
(3526, 96, 26, 'afavor', 0, 1, 1, '2025-08-07 12:34:00', 1, 1),
(3527, 96, 30, 'afavor', 0, 1, 1, '2025-08-07 12:34:01', 1, 1),
(3528, 96, 39, 'afavor', 0, 1, 1, '2025-08-07 12:34:03', 1, 1),
(3529, 96, 32, 'afavor', 0, 1, 1, '2025-08-07 12:34:03', 1, 1),
(3530, 96, 41, 'afavor', 0, 1, 1, '2025-08-07 12:34:05', 1, 1),
(3531, 96, 52, 'abstencion', 0, 1, 1, '2025-08-07 12:34:12', 1, 1),
(3532, 96, 45, 'afavor', 0, 1, 1, '2025-08-07 12:34:09', 1, 1),
(3533, 96, 50, 'afavor', 0, 1, 1, '2025-08-07 12:34:11', 1, 1),
(3534, 96, 53, 'afavor', 0, 1, 1, '2025-08-07 12:34:12', 1, 1),
(3535, 96, 37, 'afavor', 0, 1, 1, '2025-08-07 12:34:04', 1, 1),
(3536, 96, 47, 'afavor', 0, 1, 1, '2025-08-07 12:34:08', 1, 1),
(3537, 96, 48, 'afavor', 0, 1, 1, '2025-08-07 12:34:10', 1, 1),
(3538, 96, 44, 'afavor', 0, 1, 1, '2025-08-07 12:34:08', 1, 1),
(3539, 96, 54, 'afavor', 0, 1, 1, '2025-08-07 12:33:58', 1, 1),
(3540, 96, 51, 'afavor', 0, 1, 1, '2025-08-07 12:34:10', 1, 1),
(3541, 96, 49, 'afavor', 0, 1, 1, '2025-08-07 12:34:09', 1, 1),
(3542, 96, 46, 'afavor', 0, 1, 1, '2025-08-07 12:34:10', 1, 1),
(3577, 97, 22, NULL, 0, NULL, 1, NULL, 0, 1),
(3578, 97, 21, NULL, 0, NULL, 1, NULL, 0, 1),
(3579, 97, 28, NULL, 0, NULL, 1, NULL, 0, 1),
(3580, 97, 20, NULL, 0, NULL, 1, NULL, 0, 1),
(3581, 97, 33, NULL, 0, NULL, 1, NULL, 0, 1),
(3582, 97, 25, 'encontra', 0, 19, 1, '2025-09-10 03:45:18', 1, 1),
(3583, 97, 34, NULL, 0, NULL, 1, NULL, 0, 1),
(3584, 97, 23, NULL, 0, NULL, 1, NULL, 0, 1),
(3585, 97, 31, NULL, 0, NULL, 1, NULL, 0, 1),
(3586, 97, 29, NULL, 0, NULL, 1, NULL, 0, 1),
(3587, 97, 35, NULL, 0, NULL, 1, NULL, 0, 1),
(3588, 97, 27, NULL, 0, NULL, 1, NULL, 0, 1),
(3589, 97, 24, NULL, 0, NULL, 1, NULL, 0, 1),
(3590, 97, 40, NULL, 0, NULL, 1, NULL, 0, 1),
(3591, 97, 38, NULL, 0, NULL, 1, NULL, 0, 1),
(3592, 97, 36, NULL, 0, NULL, 1, NULL, 0, 1),
(3593, 97, 43, NULL, 0, NULL, 1, NULL, 0, 1),
(3594, 97, 42, NULL, 0, NULL, 1, NULL, 0, 1),
(3595, 97, 26, NULL, 0, NULL, 1, NULL, 0, 1),
(3596, 97, 30, NULL, 0, NULL, 1, NULL, 0, 1),
(3597, 97, 39, NULL, 0, NULL, 1, NULL, 0, 1),
(3598, 97, 32, 'abstencion', 0, 19, 1, '2025-09-10 03:45:26', 1, 1),
(3599, 97, 41, NULL, 0, NULL, 1, NULL, 0, 1),
(3600, 97, 52, NULL, 0, NULL, 1, NULL, 0, 1),
(3601, 97, 45, NULL, 0, NULL, 1, NULL, 0, 1),
(3602, 97, 50, NULL, 0, NULL, 1, NULL, 0, 1),
(3603, 97, 53, NULL, 0, NULL, 1, NULL, 0, 1),
(3604, 97, 37, NULL, 0, NULL, 1, NULL, 0, 1),
(3605, 97, 47, NULL, 0, NULL, 1, NULL, 0, 1),
(3606, 97, 48, NULL, 0, NULL, 1, NULL, 0, 1),
(3607, 97, 44, NULL, 0, NULL, 1, NULL, 0, 1),
(3609, 97, 51, NULL, 0, NULL, 1, NULL, 0, 1),
(3610, 97, 49, 'afavor', 0, 54, 0, '2025-09-10 03:45:14', 1, 1),
(3611, 97, 46, NULL, 0, NULL, 1, NULL, 0, 1),
(3646, 98, 22, NULL, 0, NULL, 1, NULL, 0, 1),
(3647, 98, 21, NULL, 0, NULL, 1, NULL, 0, 1),
(3648, 98, 28, NULL, 0, NULL, 1, NULL, 0, 1),
(3649, 98, 20, NULL, 0, NULL, 1, NULL, 0, 1),
(3650, 98, 33, NULL, 0, NULL, 1, NULL, 0, 1),
(3651, 98, 25, NULL, 0, NULL, 1, NULL, 1, 1),
(3652, 98, 34, NULL, 0, NULL, 1, NULL, 0, 1),
(3653, 98, 23, NULL, 0, NULL, 1, NULL, 0, 1),
(3654, 98, 31, NULL, 0, NULL, 1, NULL, 0, 1),
(3655, 98, 29, NULL, 0, NULL, 1, NULL, 0, 1),
(3656, 98, 35, NULL, 0, NULL, 1, NULL, 0, 1),
(3657, 98, 27, NULL, 0, NULL, 1, NULL, 0, 1),
(3658, 98, 24, NULL, 0, NULL, 1, NULL, 0, 1),
(3659, 98, 40, NULL, 0, NULL, 1, NULL, 0, 1),
(3660, 98, 38, NULL, 0, NULL, 1, NULL, 0, 1),
(3661, 98, 36, NULL, 0, NULL, 1, NULL, 0, 1),
(3662, 98, 43, NULL, 0, NULL, 1, NULL, 0, 1),
(3663, 98, 42, NULL, 0, NULL, 1, NULL, 0, 1),
(3664, 98, 26, NULL, 0, NULL, 1, NULL, 0, 1),
(3665, 98, 30, NULL, 0, NULL, 1, NULL, 0, 1),
(3666, 98, 39, NULL, 0, NULL, 1, NULL, 0, 1),
(3667, 98, 32, NULL, 0, NULL, 1, NULL, 1, 1),
(3668, 98, 41, NULL, 0, NULL, 1, NULL, 0, 1),
(3669, 98, 52, NULL, 0, NULL, 1, NULL, 0, 1),
(3670, 98, 45, NULL, 0, NULL, 1, NULL, 0, 1),
(3671, 98, 50, NULL, 0, NULL, 1, NULL, 0, 1),
(3672, 98, 53, NULL, 0, NULL, 1, NULL, 0, 1),
(3673, 98, 37, NULL, 0, NULL, 1, NULL, 0, 1),
(3674, 98, 47, NULL, 0, NULL, 1, NULL, 0, 1),
(3675, 98, 48, NULL, 0, NULL, 1, NULL, 0, 1),
(3676, 98, 44, NULL, 0, NULL, 1, NULL, 0, 1),
(3678, 98, 51, NULL, 0, NULL, 1, NULL, 0, 1),
(3679, 98, 49, NULL, 0, NULL, 0, NULL, 1, 1),
(3680, 98, 46, NULL, 0, NULL, 1, NULL, 0, 1),
(3715, 99, 22, NULL, 0, NULL, 1, NULL, 1, 1),
(3716, 99, 21, NULL, 0, NULL, 1, NULL, 1, 1),
(3717, 99, 28, NULL, 0, NULL, 1, NULL, 1, 1),
(3718, 99, 20, NULL, 0, NULL, 1, NULL, 0, 1),
(3719, 99, 33, NULL, 0, NULL, 1, NULL, 1, 1),
(3720, 99, 25, NULL, 0, NULL, 1, NULL, 1, 1),
(3721, 99, 34, NULL, 0, NULL, 1, NULL, 1, 1),
(3722, 99, 23, NULL, 0, NULL, 1, NULL, 1, 1),
(3723, 99, 31, NULL, 0, NULL, 1, NULL, 1, 1),
(3724, 99, 29, NULL, 0, NULL, 1, NULL, 1, 1),
(3725, 99, 35, NULL, 0, NULL, 1, NULL, 1, 1),
(3726, 99, 27, NULL, 0, NULL, 1, NULL, 1, 1),
(3727, 99, 24, NULL, 0, NULL, 1, NULL, 1, 1),
(3728, 99, 40, NULL, 0, NULL, 1, NULL, 1, 1),
(3729, 99, 38, NULL, 0, NULL, 1, NULL, 1, 1),
(3730, 99, 36, NULL, 0, NULL, 1, NULL, 1, 1),
(3731, 99, 43, NULL, 0, NULL, 1, NULL, 1, 1),
(3732, 99, 42, NULL, 0, NULL, 1, NULL, 1, 1),
(3733, 99, 26, NULL, 0, NULL, 1, NULL, 1, 1),
(3734, 99, 30, NULL, 0, NULL, 1, NULL, 1, 1),
(3735, 99, 39, NULL, 0, NULL, 1, NULL, 1, 1),
(3736, 99, 32, NULL, 0, NULL, 1, NULL, 1, 1),
(3737, 99, 41, NULL, 0, NULL, 1, NULL, 1, 1),
(3738, 99, 52, NULL, 0, NULL, 1, NULL, 1, 1),
(3739, 99, 45, NULL, 0, NULL, 1, NULL, 1, 1),
(3740, 99, 50, NULL, 0, NULL, 1, NULL, 1, 1),
(3741, 99, 53, NULL, 0, NULL, 1, NULL, 1, 1),
(3742, 99, 37, NULL, 0, NULL, 1, NULL, 1, 1),
(3743, 99, 47, NULL, 0, NULL, 1, NULL, 1, 1),
(3744, 99, 48, NULL, 0, NULL, 1, NULL, 1, 1),
(3745, 99, 44, NULL, 0, NULL, 1, NULL, 1, 1),
(3746, 99, 54, NULL, 0, NULL, 1, NULL, 1, 1),
(3747, 99, 51, NULL, 0, NULL, 1, NULL, 1, 1),
(3748, 99, 49, NULL, 0, NULL, 1, NULL, 1, 1),
(3749, 99, 46, NULL, 0, NULL, 1, NULL, 1, 1),
(3784, 100, 22, NULL, 0, NULL, 1, NULL, 1, 1),
(3785, 100, 21, NULL, 0, NULL, 1, NULL, 1, 1),
(3786, 100, 28, NULL, 0, NULL, 1, NULL, 1, 1),
(3787, 100, 20, NULL, 0, NULL, 1, NULL, 0, 1),
(3788, 100, 33, NULL, 0, NULL, 1, NULL, 1, 1),
(3789, 100, 25, NULL, 0, NULL, 1, NULL, 1, 1),
(3790, 100, 34, NULL, 0, NULL, 1, NULL, 1, 1),
(3791, 100, 23, NULL, 0, NULL, 1, NULL, 1, 1),
(3792, 100, 31, NULL, 0, NULL, 1, NULL, 1, 1),
(3793, 100, 29, NULL, 0, NULL, 1, NULL, 1, 1),
(3794, 100, 35, NULL, 0, NULL, 1, NULL, 1, 1),
(3795, 100, 27, NULL, 0, NULL, 1, NULL, 1, 1),
(3796, 100, 24, NULL, 0, NULL, 1, NULL, 1, 1),
(3797, 100, 40, NULL, 0, NULL, 1, NULL, 1, 1),
(3798, 100, 38, NULL, 0, NULL, 1, NULL, 1, 1),
(3799, 100, 36, NULL, 0, NULL, 1, NULL, 1, 1),
(3800, 100, 43, NULL, 0, NULL, 1, NULL, 1, 1),
(3801, 100, 42, NULL, 0, NULL, 1, NULL, 1, 1),
(3802, 100, 26, NULL, 0, NULL, 1, NULL, 1, 1),
(3803, 100, 30, NULL, 0, NULL, 1, NULL, 1, 1),
(3804, 100, 39, NULL, 0, NULL, 1, NULL, 1, 1),
(3805, 100, 32, NULL, 0, NULL, 1, NULL, 1, 1),
(3806, 100, 41, NULL, 0, NULL, 1, NULL, 1, 1),
(3807, 100, 52, NULL, 0, NULL, 1, NULL, 1, 1),
(3808, 100, 45, NULL, 0, NULL, 1, NULL, 1, 1),
(3809, 100, 50, NULL, 0, NULL, 1, NULL, 1, 1),
(3810, 100, 53, NULL, 0, NULL, 1, NULL, 1, 1),
(3811, 100, 37, NULL, 0, NULL, 1, NULL, 1, 1),
(3812, 100, 47, NULL, 0, NULL, 1, NULL, 1, 1),
(3813, 100, 48, NULL, 0, NULL, 1, NULL, 1, 1),
(3814, 100, 44, NULL, 0, NULL, 1, NULL, 1, 1),
(3815, 100, 54, NULL, 0, NULL, 1, NULL, 1, 1),
(3816, 100, 51, NULL, 0, NULL, 1, NULL, 1, 1),
(3817, 100, 49, NULL, 0, NULL, 1, NULL, 1, 1),
(3818, 100, 46, NULL, 0, NULL, 1, NULL, 1, 1),
(3853, 101, 22, NULL, 0, NULL, 1, NULL, 1, 1),
(3854, 101, 21, NULL, 0, NULL, 1, NULL, 1, 1),
(3855, 101, 28, NULL, 0, NULL, 1, NULL, 1, 1),
(3856, 101, 20, NULL, 0, NULL, 1, NULL, 0, 1),
(3857, 101, 33, NULL, 0, NULL, 1, NULL, 1, 1),
(3858, 101, 25, NULL, 0, NULL, 1, NULL, 1, 1),
(3859, 101, 34, NULL, 0, NULL, 1, NULL, 1, 1),
(3860, 101, 23, NULL, 0, NULL, 1, NULL, 1, 1),
(3861, 101, 31, NULL, 0, NULL, 1, NULL, 1, 1),
(3862, 101, 29, NULL, 0, NULL, 1, NULL, 1, 1),
(3863, 101, 35, NULL, 0, NULL, 1, NULL, 1, 1),
(3864, 101, 27, NULL, 0, NULL, 1, NULL, 1, 1),
(3865, 101, 24, NULL, 0, NULL, 1, NULL, 1, 1),
(3866, 101, 40, NULL, 0, NULL, 1, NULL, 1, 1),
(3867, 101, 38, NULL, 0, NULL, 1, NULL, 1, 1),
(3868, 101, 36, NULL, 0, NULL, 1, NULL, 1, 1),
(3869, 101, 43, NULL, 0, NULL, 1, NULL, 1, 1),
(3870, 101, 42, NULL, 0, NULL, 1, NULL, 1, 1),
(3871, 101, 26, NULL, 0, NULL, 1, NULL, 1, 1),
(3872, 101, 30, NULL, 0, NULL, 1, NULL, 1, 1),
(3873, 101, 39, NULL, 0, NULL, 1, NULL, 1, 1),
(3874, 101, 32, NULL, 0, NULL, 1, NULL, 1, 1),
(3875, 101, 41, NULL, 0, NULL, 1, NULL, 1, 1),
(3876, 101, 52, NULL, 0, NULL, 1, NULL, 1, 1),
(3877, 101, 45, NULL, 0, NULL, 1, NULL, 1, 1),
(3878, 101, 50, NULL, 0, NULL, 1, NULL, 1, 1),
(3879, 101, 53, NULL, 0, NULL, 1, NULL, 1, 1),
(3880, 101, 37, NULL, 0, NULL, 1, NULL, 1, 1),
(3881, 101, 47, NULL, 0, NULL, 1, NULL, 1, 1),
(3882, 101, 48, NULL, 0, NULL, 1, NULL, 1, 1),
(3883, 101, 44, NULL, 0, NULL, 1, NULL, 1, 1),
(3884, 101, 54, NULL, 0, NULL, 1, NULL, 1, 1),
(3885, 101, 51, NULL, 0, NULL, 1, NULL, 1, 1),
(3886, 101, 49, NULL, 0, NULL, 1, NULL, 1, 1),
(3887, 101, 46, NULL, 0, NULL, 1, NULL, 1, 1),
(3922, 102, 22, NULL, 0, NULL, 1, NULL, 1, 1),
(3923, 102, 21, NULL, 0, NULL, 1, NULL, 1, 1),
(3924, 102, 28, NULL, 0, NULL, 1, NULL, 1, 1),
(3925, 102, 20, NULL, 0, NULL, 1, NULL, 0, 1),
(3926, 102, 33, NULL, 0, NULL, 1, NULL, 1, 1),
(3927, 102, 25, NULL, 0, NULL, 1, NULL, 1, 1),
(3928, 102, 34, NULL, 0, NULL, 1, NULL, 1, 1),
(3929, 102, 23, NULL, 0, NULL, 1, NULL, 1, 1),
(3930, 102, 31, NULL, 0, NULL, 1, NULL, 1, 1),
(3931, 102, 29, NULL, 0, NULL, 1, NULL, 1, 1),
(3932, 102, 35, NULL, 0, NULL, 1, NULL, 1, 1),
(3933, 102, 27, NULL, 0, NULL, 1, NULL, 1, 1),
(3934, 102, 24, NULL, 0, NULL, 1, NULL, 1, 1),
(3935, 102, 40, NULL, 0, NULL, 1, NULL, 1, 1),
(3936, 102, 38, NULL, 0, NULL, 1, NULL, 1, 1),
(3937, 102, 36, NULL, 0, NULL, 1, NULL, 1, 1),
(3938, 102, 43, NULL, 0, NULL, 1, NULL, 1, 1),
(3939, 102, 42, NULL, 0, NULL, 1, NULL, 1, 1),
(3940, 102, 26, NULL, 0, NULL, 1, NULL, 1, 1),
(3941, 102, 30, NULL, 0, NULL, 1, NULL, 1, 1),
(3942, 102, 39, NULL, 0, NULL, 1, NULL, 1, 1),
(3943, 102, 32, NULL, 0, NULL, 1, NULL, 1, 1),
(3944, 102, 41, NULL, 0, NULL, 1, NULL, 1, 1),
(3945, 102, 52, NULL, 0, NULL, 1, NULL, 1, 1),
(3946, 102, 45, NULL, 0, NULL, 1, NULL, 1, 1),
(3947, 102, 50, NULL, 0, NULL, 1, NULL, 1, 1),
(3948, 102, 53, NULL, 0, NULL, 1, NULL, 1, 1),
(3949, 102, 37, NULL, 0, NULL, 1, NULL, 1, 1),
(3950, 102, 47, NULL, 0, NULL, 1, NULL, 1, 1),
(3951, 102, 48, NULL, 0, NULL, 1, NULL, 1, 1),
(3952, 102, 44, NULL, 0, NULL, 1, NULL, 1, 1),
(3953, 102, 54, NULL, 0, NULL, 1, NULL, 1, 1),
(3954, 102, 51, NULL, 0, NULL, 1, NULL, 1, 1),
(3955, 102, 49, NULL, 0, NULL, 1, NULL, 1, 1),
(3956, 102, 46, NULL, 0, NULL, 1, NULL, 1, 1),
(3991, 103, 22, NULL, 0, NULL, 1, NULL, 1, 1),
(3992, 103, 21, NULL, 0, NULL, 1, NULL, 1, 1),
(3993, 103, 28, NULL, 0, NULL, 1, NULL, 1, 1),
(3994, 103, 20, NULL, 0, NULL, 1, NULL, 0, 1),
(3995, 103, 33, NULL, 0, NULL, 1, NULL, 1, 1),
(3996, 103, 25, NULL, 0, NULL, 1, NULL, 1, 1),
(3997, 103, 34, NULL, 0, NULL, 1, NULL, 1, 1),
(3998, 103, 23, NULL, 0, NULL, 1, NULL, 1, 1),
(3999, 103, 31, NULL, 0, NULL, 1, NULL, 1, 1),
(4000, 103, 29, NULL, 0, NULL, 1, NULL, 1, 1),
(4001, 103, 35, NULL, 0, NULL, 1, NULL, 1, 1),
(4002, 103, 27, NULL, 0, NULL, 1, NULL, 1, 1),
(4003, 103, 24, NULL, 0, NULL, 1, NULL, 1, 1),
(4004, 103, 40, NULL, 0, NULL, 1, NULL, 1, 1),
(4005, 103, 38, NULL, 0, NULL, 1, NULL, 1, 1),
(4006, 103, 36, NULL, 0, NULL, 1, NULL, 1, 1),
(4007, 103, 43, NULL, 0, NULL, 1, NULL, 1, 1),
(4008, 103, 42, NULL, 0, NULL, 1, NULL, 1, 1),
(4009, 103, 26, NULL, 0, NULL, 1, NULL, 1, 1),
(4010, 103, 30, NULL, 0, NULL, 1, NULL, 1, 1),
(4011, 103, 39, NULL, 0, NULL, 1, NULL, 1, 1),
(4012, 103, 32, NULL, 0, NULL, 1, NULL, 1, 1),
(4013, 103, 41, NULL, 0, NULL, 1, NULL, 1, 1),
(4014, 103, 52, NULL, 0, NULL, 1, NULL, 1, 1),
(4015, 103, 45, NULL, 0, NULL, 1, NULL, 1, 1),
(4016, 103, 50, NULL, 0, NULL, 1, NULL, 1, 1),
(4017, 103, 53, NULL, 0, NULL, 1, NULL, 1, 1),
(4018, 103, 37, NULL, 0, NULL, 1, NULL, 1, 1),
(4019, 103, 47, NULL, 0, NULL, 1, NULL, 1, 1),
(4020, 103, 48, NULL, 0, NULL, 1, NULL, 1, 1),
(4021, 103, 44, NULL, 0, NULL, 1, NULL, 1, 1),
(4022, 103, 54, NULL, 0, NULL, 1, NULL, 1, 1),
(4023, 103, 51, NULL, 0, NULL, 1, NULL, 1, 1),
(4024, 103, 49, NULL, 0, NULL, 1, NULL, 1, 1),
(4025, 103, 46, NULL, 0, NULL, 1, NULL, 1, 1),
(4198, 106, 22, NULL, 0, NULL, 1, NULL, 0, 1),
(4199, 106, 21, NULL, 0, NULL, 1, NULL, 0, 1),
(4200, 106, 28, NULL, 0, NULL, 1, NULL, 0, 1),
(4201, 106, 20, NULL, 0, NULL, 1, NULL, 0, 1),
(4202, 106, 33, NULL, 0, NULL, 1, NULL, 0, 1),
(4203, 106, 25, NULL, 0, NULL, 1, NULL, 0, 1),
(4204, 106, 34, NULL, 0, NULL, 1, NULL, 0, 1),
(4205, 106, 23, NULL, 0, NULL, 1, NULL, 0, 1),
(4206, 106, 31, NULL, 0, NULL, 1, NULL, 0, 1),
(4207, 106, 29, NULL, 0, NULL, 1, NULL, 0, 1),
(4208, 106, 35, NULL, 0, NULL, 1, NULL, 0, 1),
(4209, 106, 27, NULL, 0, NULL, 1, NULL, 0, 1),
(4210, 106, 24, NULL, 0, NULL, 1, NULL, 0, 1),
(4211, 106, 40, NULL, 0, NULL, 1, NULL, 0, 1),
(4212, 106, 38, NULL, 0, NULL, 1, NULL, 0, 1),
(4213, 106, 36, NULL, 0, NULL, 1, NULL, 0, 1),
(4214, 106, 43, NULL, 0, NULL, 1, NULL, 0, 1),
(4215, 106, 42, NULL, 0, NULL, 1, NULL, 0, 1),
(4216, 106, 26, NULL, 0, NULL, 1, NULL, 0, 1),
(4217, 106, 30, NULL, 0, NULL, 1, NULL, 0, 1),
(4218, 106, 39, NULL, 0, NULL, 1, NULL, 0, 1),
(4219, 106, 32, 'afavor', 1, 32, 1, '2025-08-17 22:20:43', 1, 1),
(4220, 106, 41, NULL, 0, NULL, 1, NULL, 0, 1),
(4221, 106, 52, NULL, 0, NULL, 1, NULL, 0, 1),
(4222, 106, 45, NULL, 0, NULL, 1, NULL, 0, 1),
(4223, 106, 50, NULL, 0, NULL, 1, NULL, 0, 1),
(4224, 106, 53, NULL, 0, NULL, 1, NULL, 0, 1),
(4225, 106, 37, NULL, 0, NULL, 1, NULL, 1, 1),
(4226, 106, 47, NULL, 0, NULL, 1, NULL, 0, 1),
(4227, 106, 48, 'encontra', 0, 48, 1, '2025-08-17 19:40:53', 0, 1),
(4228, 106, 44, NULL, 0, NULL, 1, NULL, 0, 1),
(4229, 106, 54, NULL, 0, NULL, 1, NULL, 0, 1),
(4230, 106, 51, NULL, 0, NULL, 1, NULL, 0, 1),
(4231, 106, 49, NULL, 0, NULL, 1, NULL, 0, 1),
(4232, 106, 46, NULL, 0, NULL, 1, NULL, 0, 1),
(4372, 109, 22, NULL, 0, NULL, 1, NULL, 1, 1),
(4373, 109, 21, NULL, 0, NULL, 1, NULL, 1, 1),
(4374, 109, 28, NULL, 0, NULL, 1, NULL, 1, 1),
(4375, 109, 20, NULL, 0, NULL, 1, NULL, 0, 1),
(4376, 109, 33, NULL, 0, NULL, 1, NULL, 1, 1),
(4377, 109, 25, NULL, 0, NULL, 1, NULL, 1, 1),
(4378, 109, 34, NULL, 0, NULL, 1, NULL, 1, 1),
(4379, 109, 23, NULL, 0, NULL, 1, NULL, 1, 1),
(4380, 109, 31, NULL, 0, NULL, 1, NULL, 1, 1),
(4381, 109, 29, NULL, 0, NULL, 1, NULL, 1, 1),
(4382, 109, 35, NULL, 0, NULL, 1, NULL, 1, 1),
(4383, 109, 27, NULL, 0, NULL, 1, NULL, 1, 1),
(4384, 109, 24, NULL, 0, NULL, 1, NULL, 1, 1),
(4385, 109, 40, NULL, 0, NULL, 1, NULL, 1, 1),
(4386, 109, 38, NULL, 0, NULL, 1, NULL, 1, 1),
(4387, 109, 36, NULL, 0, NULL, 1, NULL, 1, 1),
(4388, 109, 43, NULL, 0, NULL, 1, NULL, 1, 1),
(4389, 109, 42, NULL, 0, NULL, 1, NULL, 1, 1),
(4390, 109, 26, NULL, 0, NULL, 1, NULL, 1, 1),
(4391, 109, 30, NULL, 0, NULL, 1, NULL, 1, 1),
(4392, 109, 39, NULL, 0, NULL, 1, NULL, 1, 1),
(4393, 109, 32, NULL, 0, NULL, 1, NULL, 1, 1),
(4394, 109, 41, NULL, 0, NULL, 1, NULL, 1, 1),
(4395, 109, 52, NULL, 0, NULL, 1, NULL, 1, 1),
(4396, 109, 45, NULL, 0, NULL, 1, NULL, 1, 1),
(4397, 109, 50, NULL, 0, NULL, 1, NULL, 1, 1),
(4398, 109, 53, NULL, 0, NULL, 1, NULL, 1, 1),
(4399, 109, 37, NULL, 0, NULL, 1, NULL, 1, 1),
(4400, 109, 47, NULL, 0, NULL, 1, NULL, 1, 1),
(4401, 109, 48, NULL, 0, NULL, 1, NULL, 1, 1),
(4402, 109, 44, NULL, 0, NULL, 1, NULL, 1, 1),
(4403, 109, 54, NULL, 0, NULL, 1, NULL, 1, 1),
(4404, 109, 51, NULL, 0, NULL, 1, NULL, 1, 1),
(4405, 109, 49, NULL, 0, NULL, 1, NULL, 1, 1),
(4406, 109, 46, NULL, 0, NULL, 1, NULL, 1, 1),
(4441, 110, 22, NULL, 0, NULL, 1, NULL, 1, 1),
(4442, 110, 21, NULL, 0, NULL, 1, NULL, 1, 1),
(4443, 110, 28, NULL, 0, NULL, 1, NULL, 1, 1),
(4444, 110, 20, NULL, 0, NULL, 1, NULL, 1, 1),
(4445, 110, 33, NULL, 0, NULL, 1, NULL, 1, 1),
(4446, 110, 25, NULL, 0, NULL, 1, NULL, 1, 1),
(4447, 110, 34, NULL, 0, NULL, 1, NULL, 1, 1),
(4448, 110, 23, NULL, 0, NULL, 1, NULL, 1, 1),
(4449, 110, 31, NULL, 0, NULL, 1, NULL, 1, 1),
(4450, 110, 29, 'afavor', 0, 1, 1, '2025-08-17 15:01:39', 1, 1),
(4451, 110, 35, NULL, 0, NULL, 1, NULL, 1, 1),
(4452, 110, 27, NULL, 0, NULL, 1, NULL, 1, 1),
(4453, 110, 24, NULL, 0, NULL, 1, NULL, 1, 1),
(4454, 110, 40, NULL, 0, NULL, 1, NULL, 1, 1),
(4455, 110, 38, NULL, 0, NULL, 1, NULL, 1, 1),
(4456, 110, 36, NULL, 0, NULL, 1, NULL, 1, 1),
(4457, 110, 43, NULL, 0, NULL, 1, NULL, 1, 1),
(4458, 110, 42, NULL, 0, NULL, 1, NULL, 1, 1),
(4459, 110, 26, NULL, 0, NULL, 1, NULL, 1, 1),
(4460, 110, 30, 'encontra', 0, 1, 1, '2025-08-17 15:01:44', 1, 1),
(4461, 110, 39, NULL, 0, NULL, 1, NULL, 1, 1),
(4462, 110, 32, NULL, 0, NULL, 1, NULL, 1, 1),
(4463, 110, 41, NULL, 0, NULL, 1, NULL, 1, 1),
(4464, 110, 52, NULL, 0, NULL, 1, NULL, 1, 1),
(4465, 110, 45, NULL, 0, NULL, 1, NULL, 1, 1),
(4466, 110, 50, NULL, 0, NULL, 1, NULL, 1, 1),
(4467, 110, 53, NULL, 0, NULL, 1, NULL, 1, 1),
(4468, 110, 37, NULL, 0, NULL, 1, NULL, 1, 1),
(4469, 110, 47, NULL, 0, NULL, 1, NULL, 1, 1),
(4470, 110, 48, NULL, 0, NULL, 1, NULL, 1, 1),
(4471, 110, 44, NULL, 0, NULL, 1, NULL, 1, 1),
(4472, 110, 54, NULL, 0, NULL, 1, NULL, 1, 1),
(4473, 110, 51, NULL, 0, NULL, 1, NULL, 1, 1),
(4474, 110, 49, NULL, 0, NULL, 1, NULL, 1, 1),
(4475, 110, 46, NULL, 0, NULL, 1, NULL, 1, 1),
(4510, 111, 22, NULL, 0, NULL, 1, NULL, 0, 1),
(4511, 111, 21, NULL, 0, NULL, 1, NULL, 0, 1),
(4512, 111, 28, NULL, 0, NULL, 1, NULL, 0, 1),
(4513, 111, 20, 'afavor', 0, 20, 1, '2025-08-17 19:42:48', 0, 1),
(4514, 111, 33, NULL, 0, NULL, 1, NULL, 0, 1),
(4515, 111, 25, NULL, 0, NULL, 1, NULL, 0, 1),
(4516, 111, 34, NULL, 0, NULL, 1, NULL, 0, 1),
(4517, 111, 23, NULL, 0, NULL, 1, NULL, 0, 1),
(4518, 111, 31, NULL, 0, NULL, 1, NULL, 0, 1),
(4519, 111, 29, NULL, 0, NULL, 1, NULL, 0, 1),
(4520, 111, 35, NULL, 0, NULL, 1, NULL, 0, 1),
(4521, 111, 27, NULL, 0, NULL, 1, NULL, 0, 1),
(4522, 111, 24, NULL, 0, NULL, 1, NULL, 0, 1),
(4523, 111, 40, NULL, 0, NULL, 1, NULL, 0, 1),
(4524, 111, 38, NULL, 0, NULL, 1, NULL, 0, 1),
(4525, 111, 36, NULL, 0, NULL, 1, NULL, 0, 1),
(4526, 111, 43, NULL, 0, NULL, 1, NULL, 0, 1),
(4527, 111, 42, NULL, 0, NULL, 1, NULL, 0, 1),
(4528, 111, 26, NULL, 0, NULL, 1, NULL, 0, 1),
(4529, 111, 30, NULL, 0, NULL, 1, NULL, 0, 1),
(4530, 111, 39, NULL, 0, NULL, 1, NULL, 0, 1),
(4531, 111, 32, 'afavor', 0, 32, 1, '2025-08-17 19:32:38', 1, 1),
(4532, 111, 41, NULL, 0, NULL, 1, NULL, 0, 1),
(4533, 111, 52, NULL, 0, NULL, 1, NULL, 0, 1),
(4534, 111, 45, NULL, 0, NULL, 1, NULL, 0, 1),
(4535, 111, 50, NULL, 0, NULL, 1, NULL, 0, 1),
(4536, 111, 53, NULL, 0, NULL, 1, NULL, 0, 1),
(4537, 111, 37, NULL, 0, NULL, 1, NULL, 1, 1),
(4538, 111, 47, NULL, 0, NULL, 1, NULL, 0, 1),
(4539, 111, 48, 'abstencion', 0, 48, 1, '2025-08-17 19:32:44', 0, 1),
(4540, 111, 44, 'encontra', 0, 1, 1, '2025-08-17 19:39:33', 0, 1),
(4541, 111, 54, NULL, 0, NULL, 1, NULL, 0, 1),
(4542, 111, 51, NULL, 0, NULL, 1, NULL, 0, 1),
(4543, 111, 49, NULL, 0, NULL, 1, NULL, 0, 1),
(4544, 111, 46, NULL, 0, NULL, 1, NULL, 0, 1),
(4579, 112, 22, 'afavor', 0, 1, 1, '2025-08-20 18:22:55', 0, 1),
(4580, 112, 21, NULL, 0, 1, 1, '2025-08-20 18:23:03', 0, 1),
(4581, 112, 28, NULL, 0, 1, 1, '2025-08-20 18:23:04', 0, 1),
(4582, 112, 20, NULL, 0, 1, 1, '2025-08-20 18:23:04', 0, 1),
(4583, 112, 33, NULL, 0, 1, 1, '2025-08-20 18:23:04', 0, 1),
(4584, 112, 25, 'afavor', 0, 1, 1, '2025-08-20 18:22:56', 0, 1),
(4585, 112, 34, 'afavor', 0, 1, 1, '2025-08-20 18:22:56', 0, 1),
(4586, 112, 23, 'afavor', 0, 1, 1, '2025-08-20 18:22:57', 0, 1),
(4587, 112, 31, NULL, 0, 1, 1, '2025-08-20 18:23:05', 0, 1),
(4588, 112, 29, 'afavor', 0, 1, 1, '2025-08-20 18:22:57', 0, 1),
(4589, 112, 35, 'afavor', 0, 1, 1, '2025-08-20 18:22:57', 0, 1),
(4590, 112, 27, NULL, 0, 1, 1, '2025-08-20 18:23:06', 0, 1),
(4591, 112, 24, NULL, 0, 1, 1, '2025-08-20 18:23:06', 0, 1),
(4592, 112, 40, 'afavor', 0, 1, 1, '2025-08-20 18:22:58', 0, 1),
(4593, 112, 38, 'afavor', 0, 1, 1, '2025-08-20 18:22:58', 0, 1),
(4594, 112, 36, NULL, 0, 1, 1, '2025-08-20 18:23:07', 0, 1),
(4595, 112, 43, NULL, 0, 1, 1, '2025-08-20 18:23:07', 0, 1),
(4596, 112, 42, NULL, 0, 1, 1, '2025-08-20 18:23:07', 0, 1),
(4597, 112, 26, 'afavor', 0, 1, 1, '2025-08-20 18:22:58', 0, 1),
(4598, 112, 30, 'afavor', 0, 1, 1, '2025-08-20 18:22:59', 0, 1),
(4599, 112, 39, 'afavor', 0, 1, 1, '2025-08-20 18:22:59', 0, 1),
(4600, 112, 32, 'afavor', 0, 1, 1, '2025-08-20 18:23:00', 1, 1),
(4601, 112, 41, 'afavor', 0, 1, 1, '2025-08-20 18:23:00', 0, 1),
(4602, 112, 52, 'afavor', 0, 1, 1, '2025-08-20 18:23:00', 0, 1),
(4603, 112, 45, 'afavor', 0, 1, 1, '2025-08-20 18:23:01', 0, 1),
(4604, 112, 50, 'afavor', 0, 1, 1, '2025-08-20 18:23:01', 0, 1),
(4605, 112, 53, 'afavor', 0, 1, 1, '2025-08-20 18:23:01', 0, 1),
(4606, 112, 37, 'afavor', 0, 1, 1, '2025-08-20 18:23:02', 1, 1),
(4607, 112, 47, NULL, 0, 1, 1, '2025-08-20 18:23:08', 0, 1),
(4608, 112, 48, 'afavor', 0, 1, 1, '2025-08-20 18:23:02', 0, 1),
(4609, 112, 44, 'afavor', 0, 1, 1, '2025-08-20 18:23:03', 0, 1),
(4610, 112, 54, 'afavor', 0, 1, 1, '2025-08-20 18:23:03', 0, 1),
(4611, 112, 51, NULL, 0, 1, 1, '2025-08-20 18:23:08', 0, 1),
(4612, 112, 49, NULL, 0, 1, 1, '2025-08-20 18:23:08', 0, 1),
(4613, 112, 46, NULL, 0, 1, 1, '2025-08-20 18:23:09', 0, 1),
(4648, 113, 22, NULL, 0, NULL, 1, NULL, 0, 1),
(4649, 113, 21, NULL, 0, NULL, 1, NULL, 0, 1),
(4650, 113, 28, NULL, 0, NULL, 1, NULL, 0, 1),
(4651, 113, 20, NULL, 0, NULL, 1, NULL, 0, 1),
(4652, 113, 33, NULL, 0, NULL, 1, NULL, 0, 1),
(4653, 113, 25, NULL, 0, NULL, 1, NULL, 1, 1),
(4654, 113, 34, NULL, 0, NULL, 1, NULL, 0, 1),
(4655, 113, 23, NULL, 0, NULL, 1, NULL, 0, 1),
(4656, 113, 31, NULL, 0, NULL, 1, NULL, 0, 1),
(4657, 113, 29, NULL, 0, NULL, 1, NULL, 0, 1),
(4658, 113, 35, NULL, 0, NULL, 1, NULL, 0, 1),
(4659, 113, 27, NULL, 0, NULL, 1, NULL, 0, 1),
(4660, 113, 24, NULL, 0, NULL, 1, NULL, 0, 1),
(4661, 113, 40, NULL, 0, NULL, 1, NULL, 0, 1),
(4662, 113, 38, NULL, 0, NULL, 1, NULL, 0, 1),
(4663, 113, 36, NULL, 0, NULL, 1, NULL, 0, 1),
(4664, 113, 43, NULL, 0, NULL, 1, NULL, 0, 1),
(4665, 113, 42, NULL, 0, NULL, 1, NULL, 0, 1),
(4666, 113, 26, NULL, 0, NULL, 1, NULL, 0, 1),
(4667, 113, 30, NULL, 0, NULL, 1, NULL, 0, 1),
(4668, 113, 39, NULL, 0, NULL, 1, NULL, 0, 1),
(4669, 113, 32, NULL, 0, NULL, 1, NULL, 1, 1),
(4670, 113, 41, NULL, 0, NULL, 1, NULL, 0, 1),
(4671, 113, 52, NULL, 0, NULL, 1, NULL, 0, 1),
(4672, 113, 45, NULL, 0, NULL, 1, NULL, 0, 1),
(4673, 113, 50, NULL, 0, NULL, 1, NULL, 0, 1),
(4674, 113, 53, NULL, 0, NULL, 1, NULL, 0, 1),
(4675, 113, 37, NULL, 0, NULL, 1, NULL, 0, 1),
(4676, 113, 47, NULL, 0, NULL, 1, NULL, 0, 1),
(4677, 113, 48, NULL, 0, NULL, 1, NULL, 0, 1),
(4678, 113, 44, NULL, 0, NULL, 1, NULL, 0, 1),
(4680, 113, 51, NULL, 0, NULL, 1, NULL, 0, 1),
(4681, 113, 49, NULL, 0, NULL, 0, NULL, 1, 1),
(4682, 113, 46, NULL, 0, NULL, 1, NULL, 0, 1),
(4684, 114, 22, NULL, 0, NULL, 1, NULL, 1, 1),
(4685, 114, 21, NULL, 0, NULL, 1, NULL, 1, 1),
(4686, 114, 28, NULL, 0, NULL, 1, NULL, 1, 1),
(4687, 114, 20, 'afavor', 0, 20, 1, '2025-09-17 02:32:23', 0, 1),
(4688, 114, 33, NULL, 0, NULL, 1, NULL, 1, 1),
(4689, 114, 25, NULL, 0, NULL, 1, NULL, 1, 1),
(4690, 114, 34, NULL, 0, NULL, 1, NULL, 1, 1),
(4691, 114, 23, NULL, 0, NULL, 1, NULL, 1, 1),
(4692, 114, 31, NULL, 0, NULL, 1, NULL, 1, 1),
(4693, 114, 29, NULL, 0, NULL, 1, NULL, 1, 1),
(4694, 114, 35, NULL, 0, NULL, 1, NULL, 1, 1),
(4695, 114, 27, NULL, 0, NULL, 1, NULL, 1, 1),
(4696, 114, 24, NULL, 0, NULL, 1, NULL, 1, 1),
(4697, 114, 40, NULL, 0, NULL, 1, NULL, 1, 1),
(4698, 114, 38, NULL, 0, NULL, 1, NULL, 1, 1),
(4699, 114, 36, NULL, 0, NULL, 1, NULL, 1, 1),
(4700, 114, 43, NULL, 0, NULL, 1, NULL, 1, 1),
(4701, 114, 42, NULL, 0, NULL, 1, NULL, 1, 1),
(4702, 114, 26, NULL, 0, NULL, 1, NULL, 1, 1),
(4703, 114, 30, NULL, 0, NULL, 1, NULL, 1, 1),
(4704, 114, 39, 'encontra', 0, 1, 1, '2025-09-17 02:28:17', 1, 1),
(4705, 114, 32, 'afavor', 1, 32, 1, '2025-09-17 02:27:51', 1, 1),
(4706, 114, 41, NULL, 0, NULL, 1, NULL, 1, 1),
(4707, 114, 52, NULL, 0, NULL, 1, NULL, 1, 1),
(4708, 114, 45, NULL, 0, NULL, 1, NULL, 1, 1),
(4709, 114, 50, NULL, 0, NULL, 1, NULL, 1, 1),
(4710, 114, 53, NULL, 0, NULL, 1, NULL, 1, 1),
(4711, 114, 37, NULL, 0, NULL, 1, NULL, 1, 1),
(4712, 114, 47, NULL, 0, NULL, 1, NULL, 1, 1),
(4713, 114, 48, NULL, 0, NULL, 1, NULL, 1, 1),
(4714, 114, 44, NULL, 0, NULL, 1, NULL, 1, 1),
(4715, 114, 54, NULL, 0, NULL, 1, NULL, 0, 1),
(4716, 114, 51, NULL, 0, NULL, 1, NULL, 1, 1),
(4717, 114, 49, NULL, 0, NULL, 1, NULL, 1, 1),
(4718, 114, 46, NULL, 0, NULL, 1, NULL, 1, 1),
(4753, 115, 22, NULL, 0, NULL, 1, NULL, 0, 1),
(4754, 115, 21, 'abstencion', 0, 21, 1, '2025-08-20 19:28:49', 1, 1),
(4755, 115, 28, NULL, 0, NULL, 1, NULL, 0, 1),
(4756, 115, 20, NULL, 0, NULL, 1, NULL, 0, 1),
(4757, 115, 33, NULL, 0, NULL, 1, NULL, 0, 1),
(4758, 115, 25, NULL, 0, NULL, 1, NULL, 0, 1),
(4759, 115, 34, NULL, 0, NULL, 1, NULL, 0, 1),
(4760, 115, 23, NULL, 0, NULL, 1, NULL, 0, 1),
(4761, 115, 31, NULL, 0, NULL, 1, NULL, 0, 1),
(4762, 115, 29, 'encontra', 0, 29, 1, '2025-08-20 19:28:50', 1, 1),
(4763, 115, 35, NULL, 0, NULL, 1, NULL, 0, 1),
(4764, 115, 27, NULL, 0, NULL, 1, NULL, 0, 1),
(4765, 115, 24, NULL, 0, NULL, 1, NULL, 0, 1),
(4766, 115, 40, NULL, 0, NULL, 1, NULL, 0, 1),
(4767, 115, 38, NULL, 0, NULL, 1, NULL, 0, 1),
(4768, 115, 36, NULL, 0, NULL, 1, NULL, 0, 1),
(4769, 115, 43, NULL, 0, NULL, 1, NULL, 0, 1),
(4770, 115, 42, NULL, 0, NULL, 1, NULL, 0, 1),
(4771, 115, 26, NULL, 0, NULL, 1, NULL, 0, 1),
(4772, 115, 30, NULL, 0, NULL, 1, NULL, 0, 1),
(4773, 115, 39, NULL, 0, NULL, 1, NULL, 0, 1),
(4774, 115, 32, NULL, 0, NULL, 1, NULL, 0, 1),
(4775, 115, 41, NULL, 0, NULL, 1, NULL, 0, 1),
(4776, 115, 52, NULL, 0, NULL, 1, NULL, 0, 1),
(4777, 115, 45, NULL, 0, NULL, 1, NULL, 0, 1),
(4778, 115, 50, NULL, 0, NULL, 1, NULL, 0, 1),
(4779, 115, 53, NULL, 0, NULL, 1, NULL, 0, 1),
(4780, 115, 37, NULL, 0, NULL, 1, NULL, 0, 1),
(4781, 115, 47, NULL, 0, NULL, 1, NULL, 0, 1),
(4782, 115, 48, NULL, 0, NULL, 1, NULL, 0, 1),
(4783, 115, 44, NULL, 0, NULL, 1, NULL, 0, 1),
(4784, 115, 54, NULL, 0, NULL, 1, NULL, 0, 1),
(4785, 115, 51, NULL, 0, NULL, 1, NULL, 0, 1),
(4786, 115, 49, NULL, 0, NULL, 1, NULL, 0, 1),
(4787, 115, 46, NULL, 0, NULL, 1, NULL, 0, 1),
(4822, 116, 22, NULL, 0, NULL, 1, NULL, 0, 1),
(4823, 116, 21, 'afavor', 0, 21, 1, '2025-08-20 19:35:15', 1, 1),
(4824, 116, 28, NULL, 0, NULL, 1, NULL, 0, 1);
INSERT INTO `punto_usuario` (`id_punto_usuario`, `id_punto`, `id_usuario`, `opcion`, `es_razonado`, `votante`, `es_principal`, `fecha`, `estado`, `status`) VALUES
(4825, 116, 20, NULL, 0, NULL, 1, NULL, 0, 1),
(4826, 116, 33, NULL, 0, NULL, 1, NULL, 0, 1),
(4827, 116, 25, NULL, 0, NULL, 1, NULL, 0, 1),
(4828, 116, 34, NULL, 0, NULL, 1, NULL, 0, 1),
(4829, 116, 23, NULL, 0, NULL, 1, NULL, 0, 1),
(4830, 116, 31, NULL, 0, NULL, 1, NULL, 0, 1),
(4831, 116, 29, 'afavor', 0, 29, 1, '2025-08-20 19:35:28', 1, 1),
(4832, 116, 35, NULL, 0, NULL, 1, NULL, 0, 1),
(4833, 116, 27, NULL, 0, NULL, 1, NULL, 0, 1),
(4834, 116, 24, NULL, 0, NULL, 1, NULL, 0, 1),
(4835, 116, 40, NULL, 0, NULL, 1, NULL, 0, 1),
(4836, 116, 38, NULL, 0, NULL, 1, NULL, 0, 1),
(4837, 116, 36, NULL, 0, NULL, 1, NULL, 0, 1),
(4838, 116, 43, NULL, 0, NULL, 1, NULL, 0, 1),
(4839, 116, 42, NULL, 0, NULL, 1, NULL, 0, 1),
(4840, 116, 26, NULL, 0, NULL, 1, NULL, 0, 1),
(4841, 116, 30, NULL, 0, NULL, 1, NULL, 0, 1),
(4842, 116, 39, NULL, 0, NULL, 1, NULL, 0, 1),
(4843, 116, 32, NULL, 0, NULL, 1, NULL, 0, 1),
(4844, 116, 41, NULL, 0, NULL, 1, NULL, 0, 1),
(4845, 116, 52, NULL, 0, NULL, 1, NULL, 0, 1),
(4846, 116, 45, NULL, 0, NULL, 1, NULL, 0, 1),
(4847, 116, 50, NULL, 0, NULL, 1, NULL, 0, 1),
(4848, 116, 53, NULL, 0, NULL, 1, NULL, 0, 1),
(4849, 116, 37, NULL, 0, NULL, 1, NULL, 0, 1),
(4850, 116, 47, NULL, 0, NULL, 1, NULL, 0, 1),
(4851, 116, 48, NULL, 0, NULL, 1, NULL, 0, 1),
(4852, 116, 44, NULL, 0, NULL, 1, NULL, 0, 1),
(4853, 116, 54, NULL, 0, NULL, 1, NULL, 0, 1),
(4854, 116, 51, NULL, 0, NULL, 1, NULL, 0, 1),
(4855, 116, 49, NULL, 0, NULL, 1, NULL, 0, 1),
(4856, 116, 46, NULL, 0, NULL, 1, NULL, 0, 1),
(4891, 117, 22, NULL, 0, NULL, 1, NULL, 0, 1),
(4892, 117, 21, 'afavor', 0, 21, 1, '2025-08-20 19:31:59', 1, 1),
(4893, 117, 28, NULL, 0, NULL, 1, NULL, 0, 1),
(4894, 117, 20, NULL, 0, NULL, 1, NULL, 0, 1),
(4895, 117, 33, NULL, 0, NULL, 1, NULL, 0, 1),
(4896, 117, 25, NULL, 0, NULL, 1, NULL, 0, 1),
(4897, 117, 34, NULL, 0, NULL, 1, NULL, 0, 1),
(4898, 117, 23, NULL, 0, NULL, 1, NULL, 0, 1),
(4899, 117, 31, NULL, 0, NULL, 1, NULL, 0, 1),
(4900, 117, 29, 'afavor', 0, 29, 1, '2025-08-20 19:31:23', 1, 1),
(4901, 117, 35, NULL, 0, NULL, 1, NULL, 0, 1),
(4902, 117, 27, NULL, 0, NULL, 1, NULL, 0, 1),
(4903, 117, 24, NULL, 0, NULL, 1, NULL, 0, 1),
(4904, 117, 40, NULL, 0, NULL, 1, NULL, 0, 1),
(4905, 117, 38, NULL, 0, NULL, 1, NULL, 0, 1),
(4906, 117, 36, NULL, 0, NULL, 1, NULL, 0, 1),
(4907, 117, 43, NULL, 0, NULL, 1, NULL, 0, 1),
(4908, 117, 42, NULL, 0, NULL, 1, NULL, 0, 1),
(4909, 117, 26, NULL, 0, NULL, 1, NULL, 0, 1),
(4910, 117, 30, NULL, 0, NULL, 1, NULL, 0, 1),
(4911, 117, 39, NULL, 0, NULL, 1, NULL, 0, 1),
(4912, 117, 32, NULL, 0, NULL, 1, NULL, 0, 1),
(4913, 117, 41, NULL, 0, NULL, 1, NULL, 0, 1),
(4914, 117, 52, NULL, 0, NULL, 1, NULL, 0, 1),
(4915, 117, 45, NULL, 0, NULL, 1, NULL, 0, 1),
(4916, 117, 50, NULL, 0, NULL, 1, NULL, 0, 1),
(4917, 117, 53, NULL, 0, NULL, 1, NULL, 0, 1),
(4918, 117, 37, NULL, 0, NULL, 1, NULL, 0, 1),
(4919, 117, 47, NULL, 0, NULL, 1, NULL, 0, 1),
(4920, 117, 48, NULL, 0, NULL, 1, NULL, 0, 1),
(4921, 117, 44, NULL, 0, NULL, 1, NULL, 0, 1),
(4922, 117, 54, NULL, 0, NULL, 1, NULL, 0, 1),
(4923, 117, 51, NULL, 0, NULL, 1, NULL, 0, 1),
(4924, 117, 49, NULL, 0, NULL, 1, NULL, 0, 1),
(4925, 117, 46, NULL, 0, NULL, 1, NULL, 0, 1),
(4960, 118, 22, NULL, 0, NULL, 1, NULL, 0, 1),
(4961, 118, 21, 'afavor', 0, 21, 1, '2025-08-20 19:33:21', 1, 1),
(4962, 118, 28, NULL, 0, NULL, 1, NULL, 0, 1),
(4963, 118, 20, NULL, 0, NULL, 1, NULL, 0, 1),
(4964, 118, 33, NULL, 0, NULL, 1, NULL, 0, 1),
(4965, 118, 25, NULL, 0, NULL, 1, NULL, 0, 1),
(4966, 118, 34, NULL, 0, NULL, 1, NULL, 0, 1),
(4967, 118, 23, NULL, 0, NULL, 1, NULL, 0, 1),
(4968, 118, 31, NULL, 0, NULL, 1, NULL, 0, 1),
(4969, 118, 29, 'abstencion', 0, 29, 1, '2025-08-20 19:33:10', 1, 1),
(4970, 118, 35, NULL, 0, NULL, 1, NULL, 0, 1),
(4971, 118, 27, NULL, 0, NULL, 1, NULL, 0, 1),
(4972, 118, 24, NULL, 0, NULL, 1, NULL, 0, 1),
(4973, 118, 40, NULL, 0, NULL, 1, NULL, 0, 1),
(4974, 118, 38, NULL, 0, NULL, 1, NULL, 0, 1),
(4975, 118, 36, NULL, 0, NULL, 1, NULL, 0, 1),
(4976, 118, 43, NULL, 0, NULL, 1, NULL, 0, 1),
(4977, 118, 42, NULL, 0, NULL, 1, NULL, 0, 1),
(4978, 118, 26, NULL, 0, NULL, 1, NULL, 0, 1),
(4979, 118, 30, NULL, 0, NULL, 1, NULL, 0, 1),
(4980, 118, 39, NULL, 0, NULL, 1, NULL, 0, 1),
(4981, 118, 32, NULL, 0, NULL, 1, NULL, 0, 1),
(4982, 118, 41, NULL, 0, NULL, 1, NULL, 0, 1),
(4983, 118, 52, NULL, 0, NULL, 1, NULL, 0, 1),
(4984, 118, 45, NULL, 0, NULL, 1, NULL, 0, 1),
(4985, 118, 50, NULL, 0, NULL, 1, NULL, 0, 1),
(4986, 118, 53, NULL, 0, NULL, 1, NULL, 0, 1),
(4987, 118, 37, NULL, 0, NULL, 1, NULL, 0, 1),
(4988, 118, 47, NULL, 0, NULL, 1, NULL, 0, 1),
(4989, 118, 48, NULL, 0, NULL, 1, NULL, 0, 1),
(4990, 118, 44, NULL, 0, NULL, 1, NULL, 0, 1),
(4991, 118, 54, NULL, 0, NULL, 1, NULL, 0, 1),
(4992, 118, 51, NULL, 0, NULL, 1, NULL, 0, 1),
(4993, 118, 49, NULL, 0, NULL, 1, NULL, 0, 1),
(4994, 118, 46, NULL, 0, NULL, 1, NULL, 0, 1),
(5029, 119, 22, NULL, 0, NULL, 1, NULL, 0, 1),
(5030, 119, 21, 'afavor', 0, 21, 1, '2025-08-20 19:35:15', 1, 1),
(5031, 119, 28, NULL, 0, NULL, 1, NULL, 0, 1),
(5032, 119, 20, NULL, 0, NULL, 1, NULL, 0, 1),
(5033, 119, 33, NULL, 0, NULL, 1, NULL, 0, 1),
(5034, 119, 25, NULL, 0, NULL, 1, NULL, 0, 1),
(5035, 119, 34, NULL, 0, NULL, 1, NULL, 0, 1),
(5036, 119, 23, NULL, 0, NULL, 1, NULL, 0, 1),
(5037, 119, 31, NULL, 0, NULL, 1, NULL, 0, 1),
(5038, 119, 29, 'afavor', 0, 29, 1, '2025-08-20 19:35:28', 1, 1),
(5039, 119, 35, NULL, 0, NULL, 1, NULL, 0, 1),
(5040, 119, 27, NULL, 0, NULL, 1, NULL, 0, 1),
(5041, 119, 24, NULL, 0, NULL, 1, NULL, 0, 1),
(5042, 119, 40, NULL, 0, NULL, 1, NULL, 0, 1),
(5043, 119, 38, NULL, 0, NULL, 1, NULL, 0, 1),
(5044, 119, 36, NULL, 0, NULL, 1, NULL, 0, 1),
(5045, 119, 43, NULL, 0, NULL, 1, NULL, 0, 1),
(5046, 119, 42, NULL, 0, NULL, 1, NULL, 0, 1),
(5047, 119, 26, NULL, 0, NULL, 1, NULL, 0, 1),
(5048, 119, 30, NULL, 0, NULL, 1, NULL, 0, 1),
(5049, 119, 39, NULL, 0, NULL, 1, NULL, 0, 1),
(5050, 119, 32, NULL, 0, NULL, 1, NULL, 0, 1),
(5051, 119, 41, NULL, 0, NULL, 1, NULL, 0, 1),
(5052, 119, 52, NULL, 0, NULL, 1, NULL, 0, 1),
(5053, 119, 45, NULL, 0, NULL, 1, NULL, 0, 1),
(5054, 119, 50, NULL, 0, NULL, 1, NULL, 0, 1),
(5055, 119, 53, NULL, 0, NULL, 1, NULL, 0, 1),
(5056, 119, 37, NULL, 0, NULL, 1, NULL, 0, 1),
(5057, 119, 47, NULL, 0, NULL, 1, NULL, 0, 1),
(5058, 119, 48, NULL, 0, NULL, 1, NULL, 0, 1),
(5059, 119, 44, NULL, 0, NULL, 1, NULL, 0, 1),
(5060, 119, 54, NULL, 0, NULL, 1, NULL, 0, 1),
(5061, 119, 51, NULL, 0, NULL, 1, NULL, 0, 1),
(5062, 119, 49, NULL, 0, NULL, 1, NULL, 0, 1),
(5063, 119, 46, NULL, 0, NULL, 1, NULL, 0, 1),
(5065, 120, 22, NULL, 0, NULL, 1, NULL, 0, 1),
(5066, 120, 21, NULL, 0, NULL, 1, NULL, 0, 1),
(5067, 120, 28, NULL, 0, NULL, 1, NULL, 0, 1),
(5068, 120, 20, NULL, 0, NULL, 1, NULL, 0, 1),
(5069, 120, 33, NULL, 0, NULL, 1, NULL, 0, 1),
(5070, 120, 25, NULL, 0, NULL, 1, NULL, 0, 1),
(5071, 120, 34, NULL, 0, NULL, 1, NULL, 0, 1),
(5072, 120, 23, NULL, 0, NULL, 1, NULL, 0, 1),
(5073, 120, 31, NULL, 0, NULL, 1, NULL, 0, 1),
(5074, 120, 29, 'afavor', 0, 1, 1, '2025-08-28 12:48:54', 0, 1),
(5075, 120, 35, NULL, 0, NULL, 1, NULL, 0, 1),
(5076, 120, 27, NULL, 0, NULL, 1, NULL, 0, 1),
(5077, 120, 24, NULL, 0, NULL, 1, NULL, 0, 1),
(5078, 120, 40, NULL, 0, NULL, 1, NULL, 0, 1),
(5079, 120, 38, NULL, 0, NULL, 1, NULL, 0, 1),
(5080, 120, 36, NULL, 0, NULL, 1, NULL, 0, 1),
(5081, 120, 43, NULL, 0, NULL, 1, NULL, 0, 1),
(5082, 120, 42, NULL, 0, NULL, 1, NULL, 0, 1),
(5083, 120, 26, NULL, 0, NULL, 1, NULL, 0, 1),
(5084, 120, 30, NULL, 0, NULL, 1, NULL, 0, 1),
(5085, 120, 39, NULL, 0, NULL, 1, NULL, 0, 1),
(5086, 120, 32, NULL, 0, NULL, 1, NULL, 1, 1),
(5087, 120, 41, NULL, 0, NULL, 1, NULL, 0, 1),
(5088, 120, 52, NULL, 0, NULL, 1, NULL, 0, 1),
(5089, 120, 45, NULL, 0, NULL, 1, NULL, 0, 1),
(5090, 120, 50, NULL, 0, NULL, 1, NULL, 0, 1),
(5091, 120, 53, NULL, 0, NULL, 1, NULL, 0, 1),
(5092, 120, 37, NULL, 0, NULL, 1, NULL, 1, 1),
(5093, 120, 47, NULL, 0, NULL, 1, NULL, 0, 1),
(5094, 120, 48, NULL, 0, NULL, 1, NULL, 0, 1),
(5095, 120, 44, NULL, 0, NULL, 1, NULL, 0, 1),
(5096, 120, 54, NULL, 0, NULL, 1, NULL, 0, 1),
(5097, 120, 51, NULL, 0, NULL, 1, NULL, 0, 1),
(5098, 120, 49, NULL, 0, NULL, 1, NULL, 0, 1),
(5099, 120, 46, NULL, 0, NULL, 1, NULL, 0, 1),
(5134, 121, 22, NULL, 0, NULL, 1, NULL, 0, 1),
(5135, 121, 21, NULL, 0, NULL, 1, NULL, 0, 1),
(5136, 121, 28, NULL, 0, NULL, 1, NULL, 0, 1),
(5137, 121, 20, 'afavor', 0, 1, 1, '2025-08-28 12:50:23', 0, 1),
(5138, 121, 33, NULL, 0, NULL, 1, NULL, 0, 1),
(5139, 121, 25, NULL, 0, NULL, 1, NULL, 0, 1),
(5140, 121, 34, NULL, 0, NULL, 1, NULL, 0, 1),
(5141, 121, 23, NULL, 0, NULL, 1, NULL, 0, 1),
(5142, 121, 31, NULL, 0, NULL, 1, NULL, 0, 1),
(5143, 121, 29, 'afavor', 0, 1, 1, '2025-08-28 12:49:34', 0, 1),
(5144, 121, 35, NULL, 0, NULL, 1, NULL, 0, 1),
(5145, 121, 27, NULL, 0, NULL, 1, NULL, 0, 1),
(5146, 121, 24, NULL, 0, NULL, 1, NULL, 0, 1),
(5147, 121, 40, NULL, 0, NULL, 1, NULL, 0, 1),
(5148, 121, 38, 'encontra', 0, 1, 1, '2025-08-28 12:49:58', 0, 1),
(5149, 121, 36, NULL, 0, NULL, 1, NULL, 0, 1),
(5150, 121, 43, NULL, 0, NULL, 1, NULL, 0, 1),
(5151, 121, 42, NULL, 0, NULL, 1, NULL, 0, 1),
(5152, 121, 26, NULL, 0, NULL, 1, NULL, 0, 1),
(5153, 121, 30, 'encontra', 0, 1, 1, '2025-08-28 12:49:39', 0, 1),
(5154, 121, 39, NULL, 0, NULL, 1, NULL, 0, 1),
(5155, 121, 32, NULL, 0, NULL, 1, NULL, 1, 1),
(5156, 121, 41, NULL, 0, NULL, 1, NULL, 0, 1),
(5157, 121, 52, 'afavor', 0, 1, 1, '2025-08-28 12:49:44', 0, 1),
(5158, 121, 45, NULL, 0, NULL, 1, NULL, 0, 1),
(5159, 121, 50, 'encontra', 0, 1, 1, '2025-08-28 12:49:48', 0, 1),
(5160, 121, 53, NULL, 0, NULL, 1, NULL, 0, 1),
(5161, 121, 37, 'afavor', 0, 1, 1, '2025-08-28 12:49:53', 1, 1),
(5162, 121, 47, NULL, 0, NULL, 1, NULL, 0, 1),
(5163, 121, 48, NULL, 0, NULL, 1, NULL, 0, 1),
(5164, 121, 44, NULL, 0, NULL, 1, NULL, 0, 1),
(5165, 121, 54, NULL, 0, NULL, 1, NULL, 0, 1),
(5166, 121, 51, NULL, 0, NULL, 1, NULL, 0, 1),
(5167, 121, 49, NULL, 0, NULL, 1, NULL, 0, 1),
(5168, 121, 46, NULL, 0, NULL, 1, NULL, 0, 1),
(5170, 122, 22, NULL, 0, NULL, 1, NULL, 1, 1),
(5171, 122, 21, NULL, 0, NULL, 1, NULL, 1, 1),
(5172, 122, 28, NULL, 0, NULL, 1, NULL, 1, 1),
(5173, 122, 20, NULL, 0, NULL, 1, NULL, 0, 1),
(5174, 122, 33, NULL, 0, NULL, 1, NULL, 1, 1),
(5175, 122, 25, NULL, 0, NULL, 1, NULL, 1, 1),
(5176, 122, 34, NULL, 0, NULL, 1, NULL, 1, 1),
(5177, 122, 23, NULL, 0, NULL, 1, NULL, 1, 1),
(5178, 122, 31, NULL, 0, NULL, 1, NULL, 1, 1),
(5179, 122, 29, NULL, 0, NULL, 1, NULL, 1, 1),
(5180, 122, 35, NULL, 0, NULL, 1, NULL, 1, 1),
(5181, 122, 27, NULL, 0, NULL, 1, NULL, 1, 1),
(5182, 122, 24, NULL, 0, NULL, 1, NULL, 1, 1),
(5183, 122, 40, NULL, 0, NULL, 1, NULL, 1, 1),
(5184, 122, 38, NULL, 0, NULL, 1, NULL, 1, 1),
(5185, 122, 36, NULL, 0, NULL, 1, NULL, 1, 1),
(5186, 122, 43, NULL, 0, NULL, 1, NULL, 1, 1),
(5187, 122, 42, NULL, 0, NULL, 1, NULL, 1, 1),
(5188, 122, 26, NULL, 0, NULL, 1, NULL, 1, 1),
(5189, 122, 30, NULL, 0, NULL, 1, NULL, 1, 1),
(5190, 122, 39, NULL, 0, NULL, 1, NULL, 1, 1),
(5191, 122, 32, 'abstencion', 0, 32, 1, '2025-09-17 02:29:08', 1, 1),
(5192, 122, 41, NULL, 0, NULL, 1, NULL, 1, 1),
(5193, 122, 52, NULL, 0, NULL, 1, NULL, 1, 1),
(5194, 122, 45, NULL, 0, NULL, 1, NULL, 1, 1),
(5195, 122, 50, NULL, 0, NULL, 1, NULL, 1, 1),
(5196, 122, 53, NULL, 0, NULL, 1, NULL, 1, 1),
(5197, 122, 37, NULL, 0, NULL, 1, NULL, 1, 1),
(5198, 122, 47, NULL, 0, NULL, 1, NULL, 1, 1),
(5199, 122, 48, NULL, 0, NULL, 1, NULL, 1, 1),
(5200, 122, 44, NULL, 0, NULL, 1, NULL, 1, 1),
(5201, 122, 54, NULL, 0, NULL, 1, NULL, 0, 1),
(5202, 122, 51, NULL, 0, NULL, 1, NULL, 1, 1),
(5203, 122, 49, NULL, 0, NULL, 1, NULL, 1, 1),
(5204, 122, 46, NULL, 0, NULL, 1, NULL, 1, 1),
(5239, 123, 22, NULL, 0, NULL, 1, NULL, 0, 1),
(5240, 123, 21, NULL, 0, NULL, 1, NULL, 0, 1),
(5241, 123, 28, NULL, 0, NULL, 1, NULL, 0, 1),
(5242, 123, 20, 'afavor', 0, 20, 1, '2025-09-03 16:59:50', 1, 1),
(5243, 123, 33, NULL, 0, NULL, 1, NULL, 0, 1),
(5244, 123, 25, NULL, 0, NULL, 1, NULL, 0, 1),
(5245, 123, 34, NULL, 0, NULL, 1, NULL, 0, 1),
(5246, 123, 23, NULL, 0, NULL, 1, NULL, 0, 1),
(5247, 123, 31, NULL, 0, NULL, 1, NULL, 0, 1),
(5248, 123, 29, NULL, 0, NULL, 1, NULL, 0, 1),
(5249, 123, 35, NULL, 0, NULL, 1, NULL, 0, 1),
(5250, 123, 27, NULL, 0, NULL, 1, NULL, 0, 1),
(5251, 123, 24, NULL, 0, NULL, 1, NULL, 0, 1),
(5252, 123, 40, NULL, 0, NULL, 1, NULL, 0, 1),
(5253, 123, 38, NULL, 0, NULL, 1, NULL, 0, 1),
(5254, 123, 36, NULL, 0, NULL, 1, NULL, 0, 1),
(5255, 123, 43, NULL, 0, NULL, 1, NULL, 0, 1),
(5256, 123, 42, NULL, 0, NULL, 1, NULL, 0, 1),
(5257, 123, 26, NULL, 0, NULL, 1, NULL, 0, 1),
(5258, 123, 30, NULL, 0, NULL, 1, NULL, 0, 1),
(5259, 123, 39, NULL, 0, NULL, 1, NULL, 0, 1),
(5260, 123, 32, 'encontra', 0, 32, 1, '2025-09-03 16:58:19', 1, 1),
(5261, 123, 41, NULL, 0, NULL, 1, NULL, 0, 1),
(5262, 123, 52, NULL, 0, NULL, 1, NULL, 0, 1),
(5263, 123, 45, NULL, 0, NULL, 1, NULL, 0, 1),
(5264, 123, 50, NULL, 0, NULL, 1, NULL, 0, 1),
(5265, 123, 53, NULL, 0, NULL, 1, NULL, 0, 1),
(5266, 123, 37, 'afavor', 0, 37, 1, '2025-09-03 16:58:22', 1, 1),
(5267, 123, 47, NULL, 0, NULL, 1, NULL, 0, 1),
(5268, 123, 48, NULL, 0, NULL, 1, NULL, 0, 1),
(5269, 123, 44, NULL, 0, NULL, 1, NULL, 0, 1),
(5270, 123, 54, NULL, 0, NULL, 1, NULL, 0, 1),
(5271, 123, 51, NULL, 0, NULL, 1, NULL, 0, 1),
(5272, 123, 49, NULL, 0, NULL, 1, NULL, 0, 1),
(5273, 123, 46, NULL, 0, NULL, 1, NULL, 0, 1),
(5308, 124, 22, NULL, 0, NULL, 1, NULL, 1, 1),
(5309, 124, 21, NULL, 0, NULL, 1, NULL, 1, 1),
(5310, 124, 28, NULL, 0, NULL, 1, NULL, 1, 1),
(5311, 124, 20, NULL, 0, NULL, 1, NULL, 0, 1),
(5312, 124, 33, NULL, 0, NULL, 1, NULL, 1, 1),
(5313, 124, 25, NULL, 0, NULL, 1, NULL, 1, 1),
(5314, 124, 34, NULL, 0, NULL, 1, NULL, 1, 1),
(5315, 124, 23, NULL, 0, NULL, 1, NULL, 1, 1),
(5316, 124, 31, NULL, 0, NULL, 1, NULL, 1, 1),
(5317, 124, 29, NULL, 0, NULL, 1, NULL, 1, 1),
(5318, 124, 35, NULL, 0, NULL, 1, NULL, 1, 1),
(5319, 124, 27, NULL, 0, NULL, 1, NULL, 1, 1),
(5320, 124, 24, NULL, 0, NULL, 1, NULL, 1, 1),
(5321, 124, 40, NULL, 0, NULL, 1, NULL, 1, 1),
(5322, 124, 38, NULL, 0, NULL, 1, NULL, 1, 1),
(5323, 124, 36, NULL, 0, NULL, 1, NULL, 1, 1),
(5324, 124, 43, NULL, 0, NULL, 1, NULL, 1, 1),
(5325, 124, 42, NULL, 0, NULL, 1, NULL, 1, 1),
(5326, 124, 26, NULL, 0, NULL, 1, NULL, 1, 1),
(5327, 124, 30, NULL, 0, NULL, 1, NULL, 1, 1),
(5328, 124, 39, NULL, 0, NULL, 1, NULL, 1, 1),
(5329, 124, 32, 'abstencion', 0, 32, 1, '2025-09-17 02:29:08', 1, 1),
(5330, 124, 41, NULL, 0, NULL, 1, NULL, 1, 1),
(5331, 124, 52, NULL, 0, NULL, 1, NULL, 1, 1),
(5332, 124, 45, NULL, 0, NULL, 1, NULL, 1, 1),
(5333, 124, 50, NULL, 0, NULL, 1, NULL, 1, 1),
(5334, 124, 53, NULL, 0, NULL, 1, NULL, 1, 1),
(5335, 124, 37, NULL, 0, NULL, 1, NULL, 1, 1),
(5336, 124, 47, NULL, 0, NULL, 1, NULL, 1, 1),
(5337, 124, 48, NULL, 0, NULL, 1, NULL, 1, 1),
(5338, 124, 44, NULL, 0, NULL, 1, NULL, 1, 1),
(5339, 124, 54, NULL, 0, NULL, 1, NULL, 0, 1),
(5340, 124, 51, NULL, 0, NULL, 1, NULL, 1, 1),
(5341, 124, 49, NULL, 0, NULL, 1, NULL, 1, 1),
(5342, 124, 46, NULL, 0, NULL, 1, NULL, 1, 1),
(5377, 125, 22, NULL, 0, NULL, 1, NULL, 0, 1),
(5378, 125, 21, NULL, 0, NULL, 1, NULL, 0, 1),
(5379, 125, 28, NULL, 0, NULL, 1, NULL, 1, 1),
(5380, 125, 20, NULL, 0, NULL, 1, NULL, 0, 1),
(5381, 125, 33, NULL, 0, NULL, 1, NULL, 1, 1),
(5382, 125, 25, NULL, 0, NULL, 1, NULL, 0, 1),
(5383, 125, 34, NULL, 0, NULL, 1, NULL, 1, 1),
(5384, 125, 23, NULL, 0, NULL, 1, NULL, 0, 1),
(5385, 125, 31, NULL, 0, NULL, 1, NULL, 0, 1),
(5386, 125, 29, NULL, 0, NULL, 1, NULL, 1, 1),
(5387, 125, 35, NULL, 0, NULL, 1, NULL, 1, 1),
(5388, 125, 27, NULL, 0, NULL, 1, NULL, 1, 1),
(5389, 125, 24, NULL, 0, NULL, 1, NULL, 0, 1),
(5390, 125, 40, NULL, 0, NULL, 1, NULL, 1, 1),
(5391, 125, 38, 'abstencion', 0, 19, 1, '2025-09-10 00:51:10', 1, 1),
(5392, 125, 36, NULL, 0, NULL, 1, NULL, 1, 1),
(5393, 125, 43, NULL, 0, NULL, 1, NULL, 1, 1),
(5394, 125, 42, NULL, 0, NULL, 1, NULL, 1, 1),
(5395, 125, 26, NULL, 0, NULL, 1, NULL, 0, 1),
(5396, 125, 30, NULL, 0, NULL, 1, NULL, 0, 1),
(5397, 125, 39, NULL, 0, NULL, 1, NULL, 1, 1),
(5398, 125, 32, NULL, 0, NULL, 1, NULL, 0, 1),
(5399, 125, 41, 'afavor', 0, 19, 1, '2025-09-10 00:51:24', 1, 1),
(5400, 125, 52, NULL, 0, NULL, 1, NULL, 1, 1),
(5401, 125, 45, NULL, 0, NULL, 1, NULL, 1, 1),
(5402, 125, 50, 'afavor', 0, 19, 1, '2025-09-10 00:50:40', 1, 1),
(5403, 125, 53, NULL, 0, NULL, 1, NULL, 1, 1),
(5404, 125, 37, NULL, 0, NULL, 1, NULL, 0, 1),
(5405, 125, 47, NULL, 0, NULL, 1, NULL, 1, 1),
(5406, 125, 48, NULL, 0, NULL, 1, NULL, 0, 1),
(5407, 125, 44, NULL, 0, NULL, 1, NULL, 1, 1),
(5408, 125, 54, NULL, 0, NULL, 1, NULL, 0, 1),
(5409, 125, 51, NULL, 0, NULL, 1, NULL, 1, 1),
(5410, 125, 49, 'abstencion', 0, 19, 1, '2025-09-10 00:50:45', 1, 1),
(5411, 125, 46, NULL, 0, NULL, 1, NULL, 1, 1),
(5446, 126, 30, NULL, 0, NULL, 1, NULL, 0, 1),
(5447, 126, 21, NULL, 0, NULL, 1, NULL, 0, 1),
(5448, 126, 29, NULL, 0, NULL, 1, NULL, 0, 1),
(5449, 126, 22, NULL, 0, NULL, 1, NULL, 0, 1),
(5450, 126, 32, NULL, 0, NULL, 1, NULL, 1, 1),
(5451, 126, 28, 'abstencion', 0, 28, 1, '2025-09-10 18:07:58', 1, 1),
(5452, 126, 38, NULL, 0, NULL, 1, NULL, 1, 1),
(5453, 126, 42, NULL, 0, NULL, 1, NULL, 1, 1),
(5454, 126, 53, NULL, 0, NULL, 1, NULL, 1, 1),
(5455, 126, 31, 'afavor', 0, 31, 1, '2025-09-10 18:07:26', 1, 1),
(5456, 126, 26, 'afavor', 0, 26, 1, '2025-09-10 18:07:09', 1, 1),
(5457, 126, 39, NULL, 0, NULL, 1, NULL, 1, 1),
(5458, 126, 33, NULL, 0, NULL, 1, NULL, 1, 1),
(5459, 126, 52, 'afavor', 1, 52, 1, '2025-09-10 18:08:42', 1, 1),
(5460, 126, 34, NULL, 0, NULL, 1, NULL, 1, 1),
(5461, 126, 25, NULL, 0, NULL, 1, NULL, 1, 1),
(5462, 126, 24, NULL, 0, NULL, 1, NULL, 0, 1),
(5463, 126, 43, NULL, 0, NULL, 1, NULL, 1, 1),
(5464, 126, 48, NULL, 0, NULL, 1, NULL, 1, 1),
(5465, 126, 51, NULL, 0, NULL, 1, NULL, 1, 1),
(5466, 126, 50, NULL, 0, NULL, 1, NULL, 1, 1),
(5467, 126, 49, NULL, 0, NULL, 1, NULL, 1, 1),
(5468, 126, 36, NULL, 0, NULL, 1, NULL, 1, 1),
(5469, 126, 41, NULL, 0, NULL, 1, NULL, 1, 1),
(5470, 126, 23, 'afavor', 0, 23, 1, '2025-09-10 18:06:57', 1, 1),
(5471, 126, 27, NULL, 0, NULL, 1, NULL, 1, 1),
(5472, 126, 44, NULL, 0, NULL, 1, NULL, 1, 1),
(5473, 126, 47, NULL, 0, NULL, 1, NULL, 1, 1),
(5474, 126, 45, NULL, 0, NULL, 1, NULL, 1, 1),
(5475, 126, 46, 'afavor', 0, 46, 1, '2025-09-10 18:07:14', 1, 1),
(5476, 126, 20, NULL, 0, NULL, 1, NULL, 0, 1),
(5477, 126, 40, 'afavor', 0, 40, 1, '2025-09-10 18:07:39', 1, 1),
(5478, 126, 35, 'afavor', 0, 35, 1, '2025-09-10 18:07:08', 1, 1),
(5479, 126, 37, 'afavor', 1, 37, 1, '2025-09-10 18:07:43', 1, 1),
(5514, 128, 30, NULL, 0, NULL, 1, NULL, 0, 1),
(5515, 128, 21, NULL, 0, NULL, 1, NULL, 0, 1),
(5516, 128, 29, NULL, 0, NULL, 1, NULL, 0, 1),
(5517, 128, 22, NULL, 0, NULL, 1, NULL, 0, 1),
(5518, 128, 32, NULL, 0, NULL, 1, NULL, 1, 1),
(5519, 128, 28, NULL, 0, NULL, 1, NULL, 1, 1),
(5520, 128, 38, NULL, 0, NULL, 1, NULL, 1, 1),
(5521, 128, 42, NULL, 0, NULL, 1, NULL, 1, 1),
(5522, 128, 53, NULL, 0, NULL, 1, NULL, 1, 1),
(5523, 128, 31, NULL, 0, NULL, 1, NULL, 1, 1),
(5524, 128, 26, NULL, 0, NULL, 1, NULL, 1, 1),
(5525, 128, 39, NULL, 0, NULL, 1, NULL, 1, 1),
(5526, 128, 33, NULL, 0, NULL, 1, NULL, 1, 1),
(5527, 128, 52, NULL, 0, NULL, 1, NULL, 1, 1),
(5528, 128, 34, NULL, 0, NULL, 1, NULL, 1, 1),
(5529, 128, 25, NULL, 0, NULL, 1, NULL, 1, 1),
(5530, 128, 24, NULL, 0, NULL, 1, NULL, 0, 1),
(5531, 128, 43, NULL, 0, NULL, 1, NULL, 1, 1),
(5532, 128, 48, NULL, 0, NULL, 1, NULL, 1, 1),
(5533, 128, 51, NULL, 0, NULL, 1, NULL, 1, 1),
(5534, 128, 50, NULL, 0, NULL, 1, NULL, 1, 1),
(5535, 128, 49, NULL, 0, NULL, 1, NULL, 1, 1),
(5536, 128, 36, NULL, 0, NULL, 1, NULL, 1, 1),
(5537, 128, 41, NULL, 0, NULL, 1, NULL, 1, 1),
(5538, 128, 23, NULL, 0, NULL, 1, NULL, 1, 1),
(5539, 128, 27, NULL, 0, NULL, 1, NULL, 1, 1),
(5540, 128, 44, NULL, 0, NULL, 1, NULL, 1, 1),
(5541, 128, 47, NULL, 0, NULL, 1, NULL, 1, 1),
(5542, 128, 45, NULL, 0, NULL, 1, NULL, 1, 1),
(5543, 128, 46, NULL, 0, NULL, 1, NULL, 1, 1),
(5544, 128, 20, NULL, 0, NULL, 1, NULL, 0, 1),
(5545, 128, 40, NULL, 0, NULL, 1, NULL, 1, 1),
(5546, 128, 35, NULL, 0, NULL, 1, NULL, 1, 1),
(5547, 128, 37, NULL, 0, NULL, 1, NULL, 1, 1),
(5548, 129, 30, NULL, 0, NULL, 1, NULL, 0, 1),
(5549, 129, 21, NULL, 0, NULL, 1, NULL, 0, 1),
(5550, 129, 29, NULL, 0, NULL, 1, NULL, 0, 1),
(5551, 129, 22, NULL, 0, NULL, 1, NULL, 0, 1),
(5552, 129, 32, NULL, 0, NULL, 1, NULL, 1, 1),
(5553, 129, 28, NULL, 0, NULL, 1, NULL, 1, 1),
(5554, 129, 38, NULL, 0, NULL, 1, NULL, 1, 1),
(5555, 129, 42, NULL, 0, NULL, 1, NULL, 1, 1),
(5556, 129, 53, NULL, 0, NULL, 1, NULL, 1, 1),
(5557, 129, 31, NULL, 0, NULL, 1, NULL, 1, 1),
(5558, 129, 26, NULL, 0, NULL, 1, NULL, 1, 1),
(5559, 129, 39, NULL, 0, NULL, 1, NULL, 1, 1),
(5560, 129, 33, NULL, 0, NULL, 1, NULL, 1, 1),
(5561, 129, 52, NULL, 0, NULL, 1, NULL, 1, 1),
(5562, 129, 34, NULL, 0, NULL, 1, NULL, 1, 1),
(5563, 129, 25, NULL, 0, NULL, 1, NULL, 1, 1),
(5564, 129, 24, NULL, 0, NULL, 1, NULL, 0, 1),
(5565, 129, 43, NULL, 0, NULL, 1, NULL, 1, 1),
(5566, 129, 48, NULL, 0, NULL, 1, NULL, 1, 1),
(5567, 129, 51, NULL, 0, NULL, 1, NULL, 1, 1),
(5568, 129, 50, NULL, 0, NULL, 1, NULL, 1, 1),
(5569, 129, 49, NULL, 0, NULL, 1, NULL, 1, 1),
(5570, 129, 36, NULL, 0, NULL, 1, NULL, 1, 1),
(5571, 129, 41, NULL, 0, NULL, 1, NULL, 1, 1),
(5572, 129, 23, NULL, 0, NULL, 1, NULL, 1, 1),
(5573, 129, 27, NULL, 0, NULL, 1, NULL, 1, 1),
(5574, 129, 44, NULL, 0, NULL, 1, NULL, 1, 1),
(5575, 129, 47, NULL, 0, NULL, 1, NULL, 1, 1),
(5576, 129, 45, NULL, 0, NULL, 1, NULL, 1, 1),
(5577, 129, 46, NULL, 0, NULL, 1, NULL, 1, 1),
(5578, 129, 20, NULL, 0, NULL, 1, NULL, 0, 1),
(5579, 129, 40, NULL, 0, NULL, 1, NULL, 1, 1),
(5580, 129, 35, NULL, 0, NULL, 1, NULL, 1, 1),
(5581, 129, 37, NULL, 0, NULL, 1, NULL, 1, 1),
(5650, 132, 30, NULL, 0, NULL, 1, NULL, 0, 1),
(5651, 132, 21, NULL, 0, NULL, 1, NULL, 0, 1),
(5652, 132, 29, NULL, 0, NULL, 1, NULL, 0, 1),
(5653, 132, 22, NULL, 0, NULL, 1, NULL, 0, 1),
(5654, 132, 32, NULL, 0, NULL, 1, NULL, 1, 1),
(5655, 132, 28, NULL, 0, NULL, 1, NULL, 1, 1),
(5656, 132, 38, NULL, 0, NULL, 1, NULL, 1, 1),
(5657, 132, 42, NULL, 0, NULL, 1, NULL, 1, 1),
(5658, 132, 53, NULL, 0, NULL, 1, NULL, 1, 1),
(5659, 132, 31, NULL, 0, NULL, 1, NULL, 1, 1),
(5660, 132, 26, NULL, 0, NULL, 1, NULL, 1, 1),
(5661, 132, 39, NULL, 0, NULL, 1, NULL, 1, 1),
(5662, 132, 33, NULL, 0, NULL, 1, NULL, 1, 1),
(5663, 132, 52, NULL, 0, NULL, 1, NULL, 1, 1),
(5664, 132, 34, NULL, 0, NULL, 1, NULL, 1, 1),
(5665, 132, 25, NULL, 0, NULL, 1, NULL, 1, 1),
(5666, 132, 24, NULL, 0, NULL, 1, NULL, 0, 1),
(5667, 132, 43, NULL, 0, NULL, 1, NULL, 1, 1),
(5668, 132, 48, NULL, 0, NULL, 1, NULL, 1, 1),
(5669, 132, 51, NULL, 0, NULL, 1, NULL, 1, 1),
(5670, 132, 50, NULL, 0, NULL, 1, NULL, 1, 1),
(5671, 132, 49, NULL, 0, NULL, 1, NULL, 1, 1),
(5672, 132, 36, NULL, 0, NULL, 1, NULL, 1, 1),
(5673, 132, 41, NULL, 0, NULL, 1, NULL, 1, 1),
(5674, 132, 23, NULL, 0, NULL, 1, NULL, 1, 1),
(5675, 132, 27, NULL, 0, NULL, 1, NULL, 1, 1),
(5676, 132, 44, NULL, 0, NULL, 1, NULL, 1, 1),
(5677, 132, 47, NULL, 0, NULL, 1, NULL, 1, 1),
(5678, 132, 45, NULL, 0, NULL, 1, NULL, 1, 1),
(5679, 132, 46, NULL, 0, NULL, 1, NULL, 1, 1),
(5680, 132, 20, NULL, 0, NULL, 1, NULL, 0, 1),
(5681, 132, 40, NULL, 0, NULL, 1, NULL, 1, 1),
(5682, 132, 35, NULL, 0, NULL, 1, NULL, 1, 1),
(5683, 132, 37, NULL, 0, NULL, 1, NULL, 1, 1),
(5718, 134, 20, NULL, 0, NULL, 1, NULL, 0, 1),
(5719, 134, 21, NULL, 0, NULL, 1, NULL, 0, 1),
(5720, 134, 22, NULL, 0, NULL, 1, NULL, 0, 1),
(5721, 134, 23, 'encontra', 0, 23, 1, '2025-09-10 18:10:36', 1, 1),
(5722, 134, 27, NULL, 0, NULL, 1, NULL, 1, 1),
(5723, 134, 32, 'encontra', 0, 32, 1, '2025-09-10 18:10:27', 1, 1),
(5724, 134, 41, NULL, 0, NULL, 1, NULL, 1, 1),
(5725, 134, 45, NULL, 0, NULL, 1, NULL, 1, 1),
(5726, 134, 51, NULL, 0, NULL, 1, NULL, 1, 1),
(5727, 134, 26, 'encontra', 0, 26, 1, '2025-09-10 18:10:26', 1, 1),
(5728, 134, 34, NULL, 0, NULL, 1, NULL, 1, 1),
(5729, 134, 24, NULL, 0, NULL, 1, NULL, 0, 1),
(5730, 134, 38, NULL, 0, NULL, 1, NULL, 1, 1),
(5731, 134, 36, NULL, 0, NULL, 1, NULL, 1, 1),
(5732, 134, 30, NULL, 0, NULL, 1, NULL, 0, 1),
(5733, 134, 25, NULL, 0, NULL, 1, NULL, 1, 1),
(5734, 134, 31, 'encontra', 0, 31, 1, '2025-09-10 18:10:16', 1, 1),
(5735, 134, 43, NULL, 0, NULL, 1, NULL, 1, 1),
(5736, 134, 33, NULL, 0, NULL, 1, NULL, 1, 1),
(5737, 134, 35, NULL, 0, NULL, 1, NULL, 1, 1),
(5738, 134, 44, NULL, 0, NULL, 1, NULL, 1, 1),
(5739, 134, 42, NULL, 0, NULL, 1, NULL, 1, 1),
(5740, 134, 29, NULL, 0, NULL, 1, NULL, 0, 1),
(5741, 134, 50, NULL, 0, NULL, 1, NULL, 1, 1),
(5742, 134, 46, 'afavor', 1, 46, 1, '2025-09-10 18:10:05', 1, 1),
(5743, 134, 47, NULL, 0, NULL, 1, NULL, 1, 1),
(5744, 134, 37, NULL, 0, NULL, 1, NULL, 1, 1),
(5745, 134, 48, NULL, 0, NULL, 1, NULL, 1, 1),
(5746, 134, 52, 'encontra', 0, 52, 1, '2025-09-10 18:10:26', 1, 1),
(5747, 134, 40, NULL, 0, NULL, 1, NULL, 1, 1),
(5748, 134, 53, NULL, 0, NULL, 1, NULL, 1, 1),
(5749, 134, 28, NULL, 0, NULL, 1, NULL, 1, 1),
(5750, 134, 39, NULL, 0, NULL, 1, NULL, 1, 1),
(5751, 134, 49, NULL, 0, NULL, 1, NULL, 1, 1),
(5752, 135, 20, NULL, 0, NULL, 1, NULL, 0, 1),
(5753, 135, 21, NULL, 0, NULL, 1, NULL, 1, 1),
(5754, 135, 22, NULL, 0, NULL, 1, NULL, 1, 1),
(5755, 135, 23, NULL, 0, NULL, 1, NULL, 1, 1),
(5756, 135, 27, NULL, 0, NULL, 1, NULL, 1, 1),
(5757, 135, 32, NULL, 0, NULL, 1, NULL, 1, 1),
(5758, 135, 41, NULL, 0, NULL, 1, NULL, 1, 1),
(5759, 135, 45, 'abstencion', 0, 45, 1, '2025-09-18 20:50:09', 1, 1),
(5760, 135, 51, 'abstencion', 0, 51, 1, '2025-09-18 20:50:19', 1, 1),
(5761, 135, 26, NULL, 0, NULL, 1, NULL, 1, 1),
(5762, 135, 34, NULL, 0, NULL, 1, NULL, 1, 1),
(5763, 135, 24, 'afavor', 0, 24, 1, '2025-09-18 20:50:17', 1, 1),
(5764, 135, 38, NULL, 0, NULL, 1, NULL, 1, 1),
(5765, 135, 36, NULL, 0, NULL, 1, NULL, 1, 1),
(5766, 135, 30, NULL, 0, NULL, 1, NULL, 1, 1),
(5767, 135, 25, NULL, 0, NULL, 1, NULL, 1, 1),
(5768, 135, 31, NULL, 0, NULL, 1, NULL, 1, 1),
(5769, 135, 43, NULL, 0, NULL, 1, NULL, 1, 1),
(5770, 135, 33, NULL, 0, NULL, 1, NULL, 1, 1),
(5771, 135, 35, NULL, 0, NULL, 1, NULL, 1, 1),
(5772, 135, 44, NULL, 0, NULL, 1, NULL, 1, 1),
(5773, 135, 42, NULL, 0, NULL, 1, NULL, 1, 1),
(5774, 135, 29, NULL, 0, NULL, 1, NULL, 1, 1),
(5775, 135, 50, 'encontra', 0, 50, 1, '2025-09-18 20:50:08', 1, 1),
(5776, 135, 46, NULL, 0, NULL, 1, NULL, 1, 1),
(5777, 135, 47, 'afavor', 0, 47, 1, '2025-09-18 20:50:25', 1, 1),
(5778, 135, 37, NULL, 0, NULL, 1, NULL, 1, 1),
(5779, 135, 48, NULL, 0, NULL, 1, NULL, 1, 1),
(5780, 135, 52, NULL, 0, NULL, 1, NULL, 1, 1),
(5781, 135, 40, 'afavor', 0, 40, 1, '2025-09-18 20:50:28', 1, 1),
(5782, 135, 53, 'abstencion', 1, 53, 1, '2025-09-18 20:50:16', 1, 1),
(5783, 135, 28, NULL, 0, NULL, 1, NULL, 1, 1),
(5784, 135, 39, 'afavor', 0, 19, 1, '2025-09-18 20:50:33', 1, 1),
(5785, 135, 49, NULL, 0, NULL, 1, NULL, 1, 1),
(5786, 136, 20, NULL, 0, NULL, 1, NULL, 0, 1),
(5787, 136, 21, NULL, 0, NULL, 1, NULL, 1, 1),
(5788, 136, 22, NULL, 0, NULL, 1, NULL, 1, 1),
(5789, 136, 23, NULL, 0, NULL, 1, NULL, 1, 1),
(5790, 136, 27, NULL, 0, NULL, 1, NULL, 1, 1),
(5791, 136, 32, NULL, 0, NULL, 1, NULL, 1, 1),
(5792, 136, 41, NULL, 0, NULL, 1, NULL, 1, 1),
(5793, 136, 45, NULL, 0, NULL, 1, NULL, 1, 1),
(5794, 136, 51, NULL, 0, NULL, 1, NULL, 1, 1),
(5795, 136, 26, NULL, 0, NULL, 1, NULL, 1, 1),
(5796, 136, 34, NULL, 0, NULL, 1, NULL, 1, 1),
(5797, 136, 24, NULL, 0, NULL, 1, NULL, 1, 1),
(5798, 136, 38, NULL, 0, NULL, 1, NULL, 1, 1),
(5799, 136, 36, NULL, 0, NULL, 1, NULL, 1, 1),
(5800, 136, 30, NULL, 0, NULL, 1, NULL, 1, 1),
(5801, 136, 25, NULL, 0, NULL, 1, NULL, 1, 1),
(5802, 136, 31, NULL, 0, NULL, 1, NULL, 1, 1),
(5803, 136, 43, NULL, 0, NULL, 1, NULL, 1, 1),
(5804, 136, 33, NULL, 0, NULL, 1, NULL, 1, 1),
(5805, 136, 35, NULL, 0, NULL, 1, NULL, 1, 1),
(5806, 136, 44, NULL, 0, NULL, 1, NULL, 1, 1),
(5807, 136, 42, NULL, 0, NULL, 1, NULL, 1, 1),
(5808, 136, 29, NULL, 0, NULL, 1, NULL, 1, 1),
(5809, 136, 50, NULL, 0, NULL, 1, NULL, 1, 1),
(5810, 136, 46, NULL, 0, NULL, 1, NULL, 1, 1),
(5811, 136, 47, NULL, 0, NULL, 1, NULL, 1, 1),
(5812, 136, 37, NULL, 0, NULL, 1, NULL, 1, 1),
(5813, 136, 48, NULL, 0, NULL, 1, NULL, 1, 1),
(5814, 136, 52, NULL, 0, NULL, 1, NULL, 1, 1),
(5815, 136, 40, NULL, 0, NULL, 1, NULL, 1, 1),
(5816, 136, 53, NULL, 0, NULL, 1, NULL, 1, 1),
(5817, 136, 28, NULL, 0, NULL, 1, NULL, 1, 1),
(5818, 136, 39, NULL, 0, NULL, 1, NULL, 1, 1),
(5819, 136, 49, NULL, 0, NULL, 1, NULL, 1, 1),
(5820, 137, 20, NULL, 0, NULL, 1, NULL, 0, 1),
(5821, 137, 21, NULL, 0, NULL, 1, NULL, 1, 1),
(5822, 137, 22, NULL, 0, NULL, 1, NULL, 1, 1),
(5823, 137, 23, NULL, 0, NULL, 1, NULL, 1, 1),
(5824, 137, 27, NULL, 0, NULL, 1, NULL, 1, 1),
(5825, 137, 32, NULL, 0, NULL, 1, NULL, 1, 1),
(5826, 137, 41, NULL, 0, NULL, 1, NULL, 1, 1),
(5827, 137, 45, NULL, 0, NULL, 1, NULL, 1, 1),
(5828, 137, 51, NULL, 0, NULL, 1, NULL, 1, 1),
(5829, 137, 26, NULL, 0, NULL, 1, NULL, 1, 1),
(5830, 137, 34, NULL, 0, NULL, 1, NULL, 1, 1),
(5831, 137, 24, NULL, 0, NULL, 1, NULL, 1, 1),
(5832, 137, 38, NULL, 0, NULL, 1, NULL, 1, 1),
(5833, 137, 36, NULL, 0, NULL, 1, NULL, 1, 1),
(5834, 137, 30, NULL, 0, NULL, 1, NULL, 1, 1),
(5835, 137, 25, NULL, 0, NULL, 1, NULL, 1, 1),
(5836, 137, 31, NULL, 0, NULL, 1, NULL, 1, 1),
(5837, 137, 43, NULL, 0, NULL, 1, NULL, 1, 1),
(5838, 137, 33, NULL, 0, NULL, 1, NULL, 1, 1),
(5839, 137, 35, NULL, 0, NULL, 1, NULL, 1, 1),
(5840, 137, 44, NULL, 0, NULL, 1, NULL, 1, 1),
(5841, 137, 42, NULL, 0, NULL, 1, NULL, 1, 1),
(5842, 137, 29, NULL, 0, NULL, 1, NULL, 1, 1),
(5843, 137, 50, NULL, 0, NULL, 1, NULL, 1, 1),
(5844, 137, 46, NULL, 0, NULL, 1, NULL, 1, 1),
(5845, 137, 47, NULL, 0, NULL, 1, NULL, 1, 1),
(5846, 137, 37, NULL, 0, NULL, 1, NULL, 1, 1),
(5847, 137, 48, NULL, 0, NULL, 1, NULL, 1, 1),
(5848, 137, 52, NULL, 0, NULL, 1, NULL, 1, 1),
(5849, 137, 40, NULL, 0, NULL, 1, NULL, 1, 1),
(5850, 137, 53, NULL, 0, NULL, 1, NULL, 1, 1),
(5851, 137, 28, NULL, 0, NULL, 1, NULL, 1, 1),
(5852, 137, 39, NULL, 0, NULL, 1, NULL, 1, 1),
(5853, 137, 49, NULL, 0, NULL, 1, NULL, 1, 1),
(5854, 138, 20, NULL, 0, 19, 1, '2025-09-18 21:03:06', 0, 1),
(5855, 138, 21, 'afavor', 0, 19, 1, '2025-09-18 21:02:54', 1, 1),
(5856, 138, 22, 'afavor', 0, 19, 1, '2025-09-18 21:02:54', 1, 1),
(5857, 138, 23, 'afavor', 0, 19, 1, '2025-09-18 21:02:55', 1, 1),
(5858, 138, 27, 'afavor', 0, 19, 1, '2025-09-18 21:02:55', 1, 1),
(5859, 138, 32, 'encontra', 0, 19, 1, '2025-09-18 21:02:56', 1, 1),
(5860, 138, 41, 'encontra', 0, 19, 1, '2025-09-18 21:02:56', 1, 1),
(5861, 138, 45, 'encontra', 0, 19, 1, '2025-09-18 21:02:56', 1, 1),
(5862, 138, 51, 'afavor', 0, 19, 1, '2025-09-18 21:02:57', 1, 1),
(5863, 138, 26, 'afavor', 0, 19, 1, '2025-09-18 21:02:57', 1, 1),
(5864, 138, 34, 'afavor', 0, 19, 1, '2025-09-18 21:02:57', 1, 1),
(5865, 138, 24, 'afavor', 0, 19, 1, '2025-09-18 21:02:58', 1, 1),
(5866, 138, 38, 'encontra', 0, 19, 1, '2025-09-18 21:02:58', 1, 1),
(5867, 138, 36, 'afavor', 0, 19, 1, '2025-09-18 21:02:58', 1, 1),
(5868, 138, 30, 'encontra', 0, 19, 1, '2025-09-18 21:02:59', 1, 1),
(5869, 138, 25, 'encontra', 0, 19, 1, '2025-09-18 21:02:59', 1, 1),
(5870, 138, 31, 'afavor', 0, 19, 1, '2025-09-18 21:03:00', 1, 1),
(5871, 138, 43, 'afavor', 0, 19, 1, '2025-09-18 21:03:00', 1, 1),
(5872, 138, 33, 'afavor', 0, 19, 1, '2025-09-18 21:03:00', 1, 1),
(5873, 138, 35, 'encontra', 0, 19, 1, '2025-09-18 21:03:01', 1, 1),
(5874, 138, 44, 'afavor', 0, 19, 1, '2025-09-18 21:03:01', 1, 1),
(5875, 138, 42, 'encontra', 0, 19, 1, '2025-09-18 21:03:01', 1, 1),
(5876, 138, 29, 'afavor', 0, 19, 1, '2025-09-18 21:03:02', 1, 1),
(5877, 138, 50, 'encontra', 0, 19, 1, '2025-09-18 21:03:02', 1, 1),
(5878, 138, 46, 'encontra', 0, 19, 1, '2025-09-18 21:03:03', 1, 1),
(5879, 138, 47, 'afavor', 0, 19, 1, '2025-09-18 21:03:03', 1, 1),
(5880, 138, 37, 'afavor', 0, 19, 1, '2025-09-18 21:03:03', 1, 1),
(5881, 138, 48, 'afavor', 0, 19, 1, '2025-09-18 21:03:04', 1, 1),
(5882, 138, 52, 'encontra', 0, 19, 1, '2025-09-18 21:03:04', 1, 1),
(5883, 138, 40, 'afavor', 0, 19, 1, '2025-09-18 21:03:04', 1, 1),
(5884, 138, 53, 'afavor', 0, 19, 1, '2025-09-18 21:03:05', 1, 1),
(5885, 138, 28, 'afavor', 0, 19, 1, '2025-09-18 21:03:05', 1, 1),
(5886, 138, 39, 'encontra', 0, 19, 1, '2025-09-18 21:03:06', 1, 1),
(5887, 138, 49, 'afavor', 0, 19, 1, '2025-09-18 21:03:06', 1, 1),
(5888, 139, 20, NULL, 0, NULL, 1, NULL, 0, 1),
(5889, 139, 21, NULL, 0, NULL, 1, NULL, 1, 1),
(5890, 139, 22, NULL, 0, NULL, 1, NULL, 1, 1),
(5891, 139, 23, NULL, 0, NULL, 1, NULL, 1, 1),
(5892, 139, 27, NULL, 0, NULL, 1, NULL, 1, 1),
(5893, 139, 32, NULL, 0, NULL, 1, NULL, 1, 1),
(5894, 139, 41, NULL, 0, NULL, 1, NULL, 1, 1),
(5895, 139, 45, NULL, 0, NULL, 1, NULL, 1, 1),
(5896, 139, 51, NULL, 0, NULL, 1, NULL, 1, 1),
(5897, 139, 26, NULL, 0, NULL, 1, NULL, 1, 1),
(5898, 139, 34, NULL, 0, NULL, 1, NULL, 1, 1),
(5899, 139, 24, NULL, 0, NULL, 1, NULL, 1, 1),
(5900, 139, 38, NULL, 0, NULL, 1, NULL, 1, 1),
(5901, 139, 36, NULL, 0, NULL, 1, NULL, 1, 1),
(5902, 139, 30, NULL, 0, NULL, 1, NULL, 1, 1),
(5903, 139, 25, NULL, 0, NULL, 1, NULL, 1, 1),
(5904, 139, 31, NULL, 0, NULL, 1, NULL, 1, 1),
(5905, 139, 43, NULL, 0, NULL, 1, NULL, 1, 1),
(5906, 139, 33, NULL, 0, NULL, 1, NULL, 1, 1),
(5907, 139, 35, NULL, 0, NULL, 1, NULL, 1, 1),
(5908, 139, 44, NULL, 0, NULL, 1, NULL, 1, 1),
(5909, 139, 42, NULL, 0, NULL, 1, NULL, 1, 1),
(5910, 139, 29, NULL, 0, NULL, 1, NULL, 1, 1),
(5911, 139, 50, NULL, 0, NULL, 1, NULL, 1, 1),
(5912, 139, 46, NULL, 0, NULL, 1, NULL, 1, 1),
(5913, 139, 47, NULL, 0, NULL, 1, NULL, 1, 1),
(5914, 139, 37, NULL, 0, NULL, 1, NULL, 1, 1),
(5915, 139, 48, NULL, 0, NULL, 1, NULL, 1, 1),
(5916, 139, 52, NULL, 0, NULL, 1, NULL, 1, 1),
(5917, 139, 40, NULL, 0, NULL, 1, NULL, 1, 1),
(5918, 139, 53, NULL, 0, NULL, 1, NULL, 1, 1),
(5919, 139, 28, NULL, 0, NULL, 1, NULL, 1, 1),
(5920, 139, 39, NULL, 0, NULL, 1, NULL, 1, 1),
(5921, 139, 49, NULL, 0, NULL, 1, NULL, 1, 1);

-- --------------------------------------------------------

--
-- Estructura de tabla para la tabla `resolucion`
--

CREATE TABLE `resolucion` (
  `id_punto` int(11) NOT NULL,
  `nombre` varchar(255) DEFAULT NULL,
  `descripcion` text DEFAULT NULL,
  `fecha` datetime DEFAULT NULL,
  `fuente_resultado` enum('automatico','manual','hibrido') DEFAULT 'automatico',
  `estado` tinyint(4) DEFAULT 1,
  `status` tinyint(4) DEFAULT 1
) ENGINE=InnoDB DEFAULT CHARSET=utf8mb4 COLLATE=utf8mb4_general_ci;

--
-- Volcado de datos para la tabla `resolucion`
--

INSERT INTO `resolucion` (`id_punto`, `nombre`, `descripcion`, `fecha`, `fuente_resultado`, `estado`, `status`) VALUES
(53, 'No.052-VRA-PJQA-2025', 'prueba', '2025-07-17 14:22:40', '', 1, 1),
(55, 'No.053-VRA-PJQA-2025', 'prueba', '2025-07-17 14:22:53', '', 1, 1),
(56, 'resolucion punto 2', 'prueba', '2025-07-17 14:23:09', '', 1, 1),
(57, 'resolucion punto 3', 'prueba', '2025-07-17 14:23:22', NULL, 1, 1),
(58, 'resolucion inform', 'resolu', '2025-09-10 00:09:42', 'automatico', 1, 1),
(59, 'resoluxion', 'resoluxion', '2025-09-10 00:43:59', NULL, 1, 1),
(60, 'resolucion 1', 'prueba', '2025-07-30 13:50:47', '', 1, 1),
(61, 'resolucion 2.2', 'prueba', '2025-07-30 13:53:07', '', 1, 1),
(62, 'resolucion 2.3', 'prueba', '2025-07-30 13:53:31', '', 1, 1),
(63, 'resolu', 'xd', '2025-07-30 13:56:59', '', 1, 1),
(65, 'resolucion 3.1', 'reso', '2025-07-30 13:59:46', '', 1, 1),
(66, 'reolucion 3.2', 'res', '2025-07-30 14:00:03', '', 1, 1),
(67, 'rsolucion', 'sape', '2025-07-30 14:02:13', NULL, 1, 1),
(68, 'resolu', 'resolu', '2025-09-10 00:53:51', '', 1, 1),
(69, 'asd', 'asdf', '2025-08-17 22:18:28', NULL, 1, 1),
(71, 'resolu 1', 'prueba', '2025-07-21 23:13:39', '', 1, 1),
(72, 'resolu 2 ', 'prueba', '2025-07-21 23:13:49', 'automatico', 1, 1),
(73, 'resolu 3', 'prueba', '2025-07-21 23:14:02', NULL, 1, 1),
(74, 'resolu de reconsideracion', '1', '2025-07-21 23:21:31', '', 1, 1),
(75, 'resolucion de prueba', 'prueba', '2025-07-22 13:35:41', '', 1, 1),
(76, 'resolucion de reconsideracion 2', 'prueba', '2025-07-22 13:39:42', '', 1, 1),
(77, 'resolucion de la copia', 'prueba', '2025-07-22 13:43:18', '', 1, 1),
(78, 'prueba', 'prueba', '2025-07-22 13:49:39', '', 1, 1),
(79, 'resol', 'sol sol', '2025-07-22 17:07:28', 'automatico', 1, 1),
(80, 'fgd', 'fgd', '2025-07-28 21:33:22', '', 1, 1),
(81, 'resolu', 'xd', '2025-07-29 18:00:12', NULL, 1, 1),
(82, 'Resolucion 1', 'Descriprción de preuba', '2025-08-12 16:58:13', '', 1, 1),
(83, 'recosideracion', 'prueba', '2025-07-30 13:55:53', '', 1, 1),
(84, 'resolucion del punto', 'resolucion actual', '2025-08-04 01:29:43', '', 1, 1),
(85, 'asd', 'asd', '2025-08-04 16:41:26', NULL, 1, 1),
(86, 'das', 'dsa', '2025-08-11 21:28:17', '', 1, 1),
(87, 'ads', 'asd', '2025-08-06 14:31:00', 'automatico', 1, 1),
(88, 'dwf', 'fds', '2025-08-11 21:26:16', 'automatico', 1, 1),
(90, 'resolucion 1', 'sape', '2025-08-07 12:04:31', '', 1, 1),
(91, 'asd', 'asd', '2025-08-07 12:07:13', 'automatico', 1, 1),
(92, 'asd', 'asd', '2025-08-07 12:22:30', '', 1, 1),
(93, 'sd', 'dsf', '2025-08-07 12:27:22', 'automatico', 1, 1),
(95, 'asd', 'sad', '2025-08-07 12:31:53', '', 1, 1),
(96, 'sad', 'asd', '2025-08-07 12:33:28', '', 1, 1),
(97, 'resolu sape', 'asd', '2025-08-12 16:44:08', NULL, 1, 1),
(102, 'dsf', 'dfs', '2025-08-12 21:10:33', 'automatico', 1, 1),
(106, 'asd', 'asd', '2025-08-16 00:18:24', '', 1, 1),
(109, 'asd', 'asd', '2025-08-17 14:55:41', 'automatico', 1, 1),
(110, 'ghf', 'hgf', '2025-08-17 15:01:30', '', 1, 1),
(111, 'bkj', 'hjb', '2025-08-17 19:31:52', '', 1, 1),
(112, 'sape', 'sape', '2025-08-17 22:29:31', '', 1, 1),
(114, 'resolu', 'asd', '2025-09-08 13:10:13', '', 1, 1),
(115, 'resolucion 1', 'resolucion', '2025-08-20 19:21:53', '', 1, 1),
(116, 'reso', 'reso', '2025-08-20 19:35:14', '', 1, 1),
(117, 'RESOLUCION RECONSIDERACION', 'RECONSIDERACION', '2025-08-20 19:32:18', '', 1, 1),
(118, 'resolucion', 'resolu', '2025-08-20 19:33:47', 'automatico', 1, 1),
(119, 'resolucion', 'resolucion', '2025-08-20 19:35:35', '', 1, 1),
(120, 'czxd', 'ds', '2025-08-28 12:48:42', '', 1, 1),
(121, 'sdf', 'sdf', '2025-08-28 12:49:21', '', 1, 1),
(123, 'bote', 'asd', '2025-09-03 16:56:05', '', 1, 1),
(125, 'asd', 'asd', '2025-09-10 00:49:38', '', 1, 1),
(126, 'Resolucion', 'resolucion', '2025-09-10 18:06:49', '', 1, 1),
(134, 'resolu', 'resolu\n', '2025-09-10 18:09:18', '', 1, 1),
(135, 'resolucion', 'resoucion', '2025-09-18 20:50:48', '', 1, 1),
(136, 'zxczxc', 'asdzxcz', '2025-09-19 16:12:07', NULL, 1, 1),
(137, 'presol', 'sad', '2025-09-18 20:59:20', NULL, 1, 1),
(138, 'asas', 'as', '2025-09-18 21:02:12', '', 1, 1);

--
-- Disparadores `resolucion`
--
DELIMITER $$
CREATE TRIGGER `trg_auditoria_resolucion` AFTER UPDATE ON `resolucion` FOR EACH ROW BEGIN
    INSERT INTO auditoria (
        id_punto,
        id_usuario,
        fecha_anterior,
        nombre_anterior,
        descripcion_anterior,
        fuente_resultado_anterior,  -- Nombre de columna corregido
        fecha_actual,
        nombre_actual,
        descripcion_actual,
        fuente_resultado_actual     -- Nombre de columna corregido
    )
    VALUES (
        OLD.id_punto,
        @usuario_actual,
        OLD.fecha,
        OLD.nombre,
        OLD.descripcion,
        OLD.fuente_resultado,  -- Referencia a la nueva columna en resolucion
        NEW.fecha,
        NEW.nombre,
        NEW.descripcion,
        NEW.fuente_resultado   -- Referencia a la nueva columna en resolucion
    );
END
$$
DELIMITER ;

-- --------------------------------------------------------

--
-- Estructura de tabla para la tabla `resultado`
--

CREATE TABLE `resultado` (
  `id_punto` int(11) NOT NULL,
  `n_total` int(11) DEFAULT NULL,
  `n_ausentes` int(11) DEFAULT NULL,
  `n_mitad_miembros_presente` decimal(5,2) DEFAULT NULL,
  `mitad_miembros_ponderado` decimal(5,2) DEFAULT NULL,
  `n_dos_terceras_miembros` decimal(5,2) DEFAULT NULL,
  `dos_terceras_ponderado` decimal(5,2) DEFAULT NULL,
  `estado_ponderado` enum('aprobada','rechazada','pendiente','empate') DEFAULT NULL,
  `estado_nominal` enum('aprobada','rechazada','pendiente','empate') DEFAULT NULL
) ENGINE=MyISAM DEFAULT CHARSET=latin1 COLLATE=latin1_swedish_ci;

-- --------------------------------------------------------

--
-- Estructura de tabla para la tabla `sesion`
--

CREATE TABLE `sesion` (
  `id_sesion` int(11) NOT NULL,
  `nombre` varchar(255) DEFAULT NULL,
  `codigo` varchar(255) DEFAULT NULL,
  `fecha_inicio` datetime DEFAULT NULL,
  `fecha_fin` datetime DEFAULT NULL,
  `tipo` enum('ordinaria','extraordinaria') DEFAULT NULL,
  `fase` enum('pendiente','activa','finalizada') DEFAULT 'pendiente',
  `estado` tinyint(4) DEFAULT 1,
  `status` tinyint(4) DEFAULT 1
) ENGINE=InnoDB DEFAULT CHARSET=utf8mb4 COLLATE=utf8mb4_general_ci;

--
-- Volcado de datos para la tabla `sesion`
--

INSERT INTO `sesion` (`id_sesion`, `nombre`, `codigo`, `fecha_inicio`, `fecha_fin`, `tipo`, `fase`, `estado`, `status`) VALUES
(6, 'No.08-2025-O.C.S.', 'S001', '2025-06-05 00:00:00', '2025-07-22 14:02:41', 'extraordinaria', 'finalizada', 0, 1),
(7, 'No.04-2025-O.C.S.', 'S002', '2025-06-12 14:00:00', '2025-09-10 00:59:28', 'ordinaria', 'finalizada', 0, 1),
(8, 'sesion de prueba', 'S004', '2025-07-21 00:00:00', NULL, 'extraordinaria', 'activa', 1, 1),
(9, 'Sesion extraordinaria de prueba 2', 'S-HDS054', '2025-07-28 00:00:00', NULL, 'extraordinaria', 'activa', 1, 1),
(10, 'sesion de prueba rendimiento', 'S-FNX477', '2025-08-07 12:54:00', '2025-08-07 12:34:40', 'ordinaria', 'finalizada', 0, 1),
(11, 'Sesion ordinaria 1', 'S005', '2025-08-11 15:48:00', NULL, 'ordinaria', 'activa', 1, 1),
(12, 'Prueba duplicados', 'S006', '2025-08-15 19:16:00', '2025-09-03 17:00:06', 'ordinaria', 'finalizada', 0, 1),
(13, 'Prueba 20 de agosto', 'S010', '2025-08-20 14:00:00', NULL, 'extraordinaria', 'activa', 1, 1),
(14, 'PRUEBA', 'S007', '2025-08-20 14:20:00', '2025-08-20 19:36:12', 'ordinaria', 'finalizada', 0, 1),
(15, 'No.08-2025-O.C.S. 1', 'S008', '2025-06-05 00:00:00', '2025-09-10 18:10:00', 'extraordinaria', 'finalizada', 0, 1);

-- --------------------------------------------------------

--
-- Estructura de tabla para la tabla `sesion_documento`
--

CREATE TABLE `sesion_documento` (
  `id_sesion_documento` int(11) NOT NULL,
  `id_sesion` int(11) NOT NULL,
  `id_documento` int(11) NOT NULL,
  `estado` tinyint(4) DEFAULT 1,
  `status` tinyint(4) DEFAULT 1
) ENGINE=InnoDB DEFAULT CHARSET=utf8mb4 COLLATE=utf8mb4_general_ci;

--
-- Volcado de datos para la tabla `sesion_documento`
--

INSERT INTO `sesion_documento` (`id_sesion_documento`, `id_sesion`, `id_documento`, `estado`, `status`) VALUES
(15, 8, 26, 1, 1),
(16, 8, 28, 1, 1),
(18, 10, 32, 1, 1),
(19, 10, 33, 1, 1),
(21, 6, 35, 1, 1),
(22, 7, 37, 1, 1),
(27, 14, 43, 1, 1),
(28, 12, 44, 1, 1),
(29, 7, 45, 1, 1),
(30, 15, 35, 1, 1),
(32, 15, 46, 1, 1),
(33, 13, 47, 1, 1),
(34, 6, 49, 1, 1);

-- --------------------------------------------------------

--
-- Estructura de tabla para la tabla `usuario`
--

CREATE TABLE `usuario` (
  `id_usuario` int(11) NOT NULL,
  `nombre` varchar(255) DEFAULT NULL,
  `codigo` varchar(255) DEFAULT NULL,
  `cedula` varchar(255) DEFAULT NULL,
  `contrasena` varchar(255) DEFAULT NULL,
  `tipo` enum('administrador','votante') NOT NULL,
  `id_grupo_usuario` int(11) DEFAULT NULL,
  `id_usuario_reemplazo` int(11) DEFAULT NULL,
  `id_facultad` int(11) DEFAULT NULL,
  `es_reemplazo` tinyint(4) DEFAULT 0,
  `estado` tinyint(4) DEFAULT 1,
  `status` tinyint(4) DEFAULT 1
) ENGINE=InnoDB DEFAULT CHARSET=utf8mb4 COLLATE=utf8mb4_general_ci;

--
-- Volcado de datos para la tabla `usuario`
--

INSERT INTO `usuario` (`id_usuario`, `nombre`, `codigo`, `cedula`, `contrasena`, `tipo`, `id_grupo_usuario`, `id_usuario_reemplazo`, `id_facultad`, `es_reemplazo`, `estado`, `status`) VALUES
(1, 'Cristian Bonilla', 'U001', NULL, '$2b$10$uVGRwMNtfBhQtcywLO6GMuyuf2qE07yLR.YD9X9G5cHEX/GbeBIfm', 'administrador', NULL, NULL, NULL, 0, 1, 1),
(19, 'Yolanda Roldán', 'A-SYR360', NULL, '$2b$10$X/OC0/yGONqlnpCtV47E2eQUhOSztp7HABX43WZ8woTnd9FgH2IcG', 'administrador', NULL, NULL, NULL, 0, 1, 1),
(20, 'Marcos Zambrano Zambrano', 'U-UNQ920', 'U2FsdGVkX1/f4Id7Y8rGFKGLjkdc3tnpgjxamlkhOeM=', NULL, 'votante', 1, NULL, NULL, 0, 1, 1),
(21, 'Pedro Quijije Anchundia', 'U-UZW392', 'U2FsdGVkX196z83xcO8Y4NgOFVoBK62CJRFiNEjgH0U=', NULL, 'votante', 2, NULL, NULL, 0, 1, 1),
(22, 'Jackeline Terranova Ruiz', 'U-RFR645', 'U2FsdGVkX1+SWGHL83bhtHp43xuBXE0FuIocId2zCR4=', NULL, 'votante', 2, NULL, NULL, 0, 1, 1),
(23, 'Lenin Arroyo Baltan', 'U-AHT044', 'U2FsdGVkX1/C7PZqBpgI7jldzfZE3v9jweLo4rGMqZ0=', NULL, 'votante', 3, NULL, NULL, 0, 1, 1),
(24, 'Maria Delgado Chavez', 'U-XPN711', 'U2FsdGVkX18/S/KaLzpeBdNYvuUJ7YkRjFMgb0hckrs=', NULL, 'votante', 3, NULL, NULL, 0, 1, 1),
(25, 'Dolores Muñoz Verduga', 'U-OIB221', 'U2FsdGVkX18EBNGplsMKkmli494TocU53tq1Nb5uAzE=', NULL, 'votante', 3, NULL, NULL, 0, 1, 1),
(26, 'Eduardo Caicedo Coello', 'U-JRT989', 'U2FsdGVkX19xMdHqWLgE/+Z3kZhhKdo2/OgLE7V6MFY=', NULL, 'votante', 3, NULL, NULL, 0, 1, 1),
(27, 'Temistocles Bravo Tuarez', 'U-BBQ018', 'U2FsdGVkX1+jZdfU8FbBdmNwONhb/P0QLnTMBdMt9cA=', NULL, 'votante', 3, NULL, NULL, 0, 1, 1),
(28, 'Maria Fernanda Carvajal', 'U-IGD697', 'U2FsdGVkX1/ASreUN47lMhxeQaL2AEmvZZDRW1sol0A=', NULL, 'votante', 3, NULL, NULL, 0, 1, 1),
(29, 'Andres Andrade Garcia', 'U-IWR109', 'U2FsdGVkX1+X97/4x/rtkReDOcaZRt8rwvbhWwtgUEA=', NULL, 'votante', 3, NULL, NULL, 0, 1, 1),
(30, 'Derli Alava Rosado', 'U-WBI377', 'U2FsdGVkX19PUKZHYaiM8ik7eXW+vwuN+qfJ8GOrfeE=', NULL, 'votante', 3, NULL, NULL, 0, 1, 1),
(31, 'Lilia Bermudez Cevallos', 'U-VLN894', 'U2FsdGVkX1/pXavGAvcx4a97ZiWT9D6GMSKtshIpa08=', NULL, 'votante', 3, NULL, NULL, 0, 1, 1),
(32, 'Jacinto Reyes Cardenas', 'U-MMG998', 'U2FsdGVkX18y5718ed4Mkqtapn4rqTmIoo8DRTkivAQ=', NULL, 'votante', 4, NULL, NULL, 0, 1, 1),
(33, 'Ricardo Chica Cepeda', 'U-IME221', 'U2FsdGVkX19Kcf91FlSk1igOLyyZfHb5qUwJQwmOhnM=', NULL, 'votante', 4, NULL, NULL, 0, 1, 1),
(34, 'Jorge Vivas Cedeño', 'U-HXY844', 'U2FsdGVkX1+UrfkR/sj12aOblatMZKFi5uqRlTY/w0I=', NULL, 'votante', 4, NULL, NULL, 0, 1, 1),
(35, 'Jose Morante Galarza', 'U-BFB845', 'U2FsdGVkX183RL7911e+XAqFmwUk8bwM1MxRRheF4X4=', NULL, 'votante', 4, NULL, NULL, 0, 1, 1),
(36, 'Marjorie Calderon Zamora', 'U-XNW608', 'U2FsdGVkX18cclBsKZd8yj9ldqxoqftdThsKaoipW98=', NULL, 'votante', 4, NULL, NULL, 0, 1, 1),
(37, 'Cruz Alcivar Ruiz', 'U-LCN201', 'U2FsdGVkX19qVfTLrwOkI+0+ZBQHjY5vmovWhCl9YC4=', NULL, 'votante', 4, NULL, NULL, 0, 1, 1),
(38, 'Danny Aguaiza Tenelema', 'U-NYO068', 'U2FsdGVkX196Yj460/QQVP/OtHLRhTIaZkZ6A8uPFis=', NULL, 'votante', 4, NULL, NULL, 0, 1, 1),
(39, 'Dayanara Macias Mayorga', 'U-CRH977', 'U2FsdGVkX18ZxRghukU7lVV1AMVmaYmEj6ik2ddSUlI=', NULL, 'votante', 4, NULL, NULL, 0, 1, 1),
(40, 'Juana Ochoa Soledispa', 'U-CQA309', 'U2FsdGVkX1/xWFLcvzxZOAriHtRmQHDOwzKWBl/0RkU=', NULL, 'votante', 4, NULL, NULL, 0, 1, 1),
(41, 'Fabio Giovanni Locatelli', 'U-LSQ731', 'U2FsdGVkX18RwtVyjPE0FlVQKN6x42LbnwJm+WfDVZA=', NULL, 'votante', 4, NULL, NULL, 0, 1, 1),
(42, 'Manuel Velasquez Campozano', 'U-BXA422', 'U2FsdGVkX19XakBAG5SmbNkdb/G6VexBcW8g7xcRYTw=', NULL, 'votante', 4, NULL, NULL, 0, 1, 1),
(43, 'Patricia Muñoz Murillo', 'U-QOJ042', 'U2FsdGVkX1/nX7Yjfm4JeGD6ANb7HGpMUlLakyDz8eM=', NULL, 'votante', 4, NULL, NULL, 0, 1, 1),
(44, 'Horacio Cedeño Muñoz', 'U-VBG552', 'U2FsdGVkX18zWZgYSW3rkUl0wqzZJFOrTeCbSieBahE=', NULL, 'votante', 4, NULL, NULL, 0, 1, 1),
(45, 'Lilia Murillo Yagual', 'U-JVX441', 'U2FsdGVkX1/Z4DnQ9ZjRlKgQys8wgOfxytYX041IBb0=', NULL, 'votante', 5, NULL, NULL, 0, 1, 1),
(46, 'Maria Sanchez Perez', 'U-VVD098', 'U2FsdGVkX1/ojNBS35mUPd5uW9Lh9YKMrAmto1uJaOM=', NULL, 'votante', 5, NULL, NULL, 0, 1, 1),
(47, 'Rosa Castro Anchundia', 'U-XZE116', 'U2FsdGVkX19Zm9HjScPgmNpm3y+NqbokslYnetxrquA=', NULL, 'votante', 5, NULL, NULL, 0, 1, 1),
(48, 'Eddie Velasquez Delgado', 'U-WXH704', 'U2FsdGVkX18epeN/XtJJYn+8MDF2Ys7mv/UrtnJDvps=', NULL, 'votante', 5, NULL, NULL, 0, 1, 1),
(49, 'Luis Sanchez Briones', 'U-JHR854', 'U2FsdGVkX196S0pktj5qYnI8Wtil2OcLHQoL9Bvi34k=', NULL, 'votante', 5, 54, NULL, 0, 1, 1),
(50, 'Bryan Reyes Moreira', 'U-OQD958', 'U2FsdGVkX1+NqTU8yl6afbG6OsS3NDZKBHK6+z9/g5o=', NULL, 'votante', 5, NULL, NULL, 0, 1, 1),
(51, 'Melany Herrera Zambrano', 'U-GAP953', 'U2FsdGVkX19EBWH36NYMVs7CW263eCnnOshHPSpNvs0=', NULL, 'votante', 5, NULL, NULL, 0, 1, 1),
(52, 'Ana Santana Zambrano', 'U-TOC671', 'U2FsdGVkX19yOX9TboizwjRRvmjxdXp2UEhQopEJCbU=', NULL, 'votante', 5, NULL, NULL, 0, 1, 1),
(53, 'Jorge Holguin Rangel', 'U-WDD713', 'U2FsdGVkX1/62ktijVtHuroVl2gO4tFTmjn4ZLI7N3M=', NULL, 'votante', 6, NULL, NULL, 0, 1, 1),
(54, 'Jair Moreira', 'U002', 'U2FsdGVkX19aKFUXTUz8udbVgb315SohHHTsDj62oSk=', NULL, 'votante', 5, NULL, NULL, 0, 1, 1),
(55, 'Carlos Chavez', 'U-AJQ440', 'U2FsdGVkX18bcBE6G44yGxXM3rTZRfJ1ayopgenggWI=', NULL, 'votante', 5, NULL, NULL, 0, 1, 1),
(56, 'Roberto Cobeña', 'U003', 'U2FsdGVkX1/W5FhO5hjlPn68kuBkBd9j65+zqcKBepU=', NULL, 'votante', 1, NULL, NULL, 0, 0, 1);

--
-- Índices para tablas volcadas
--

--
-- Indices de la tabla `asistencia`
--
ALTER TABLE `asistencia`
  ADD PRIMARY KEY (`id_asistencia`),
  ADD UNIQUE KEY `uq_asistencia_sesion_usuario` (`id_sesion`,`id_usuario`),
  ADD KEY `fk_asistencia_sesion` (`id_sesion`),
  ADD KEY `fk_asistencia_usuario` (`id_usuario`);

--
-- Indices de la tabla `auditoria`
--
ALTER TABLE `auditoria`
  ADD PRIMARY KEY (`id_auditoria`),
  ADD KEY `fk_auditoria_resolucion` (`id_punto`),
  ADD KEY `fk_auditoria_usuario` (`id_usuario`);

--
-- Indices de la tabla `documento`
--
ALTER TABLE `documento`
  ADD PRIMARY KEY (`id_documento`);

--
-- Indices de la tabla `facultad`
--
ALTER TABLE `facultad`
  ADD PRIMARY KEY (`id_facultad`);

--
-- Indices de la tabla `grupo`
--
ALTER TABLE `grupo`
  ADD PRIMARY KEY (`id_grupo`),
  ADD KEY `id_sesion` (`id_sesion`);

--
-- Indices de la tabla `grupo_usuario`
--
ALTER TABLE `grupo_usuario`
  ADD PRIMARY KEY (`id_grupo_usuario`);

--
-- Indices de la tabla `miembro`
--
ALTER TABLE `miembro`
  ADD PRIMARY KEY (`id_miembro`),
  ADD KEY `fk_miembro_usuario` (`id_usuario`);

--
-- Indices de la tabla `punto`
--
ALTER TABLE `punto`
  ADD PRIMARY KEY (`id_punto`),
  ADD UNIQUE KEY `id_sesion` (`id_sesion`,`orden`),
  ADD KEY `fk_punto_reconsiderado` (`id_punto_reconsiderado`);

--
-- Indices de la tabla `punto_documento`
--
ALTER TABLE `punto_documento`
  ADD PRIMARY KEY (`id_punto_documento`),
  ADD KEY `fk_punto_documento_punto` (`id_punto`),
  ADD KEY `fk_punto_documento_documento` (`id_documento`);

--
-- Indices de la tabla `punto_grupo`
--
ALTER TABLE `punto_grupo`
  ADD PRIMARY KEY (`id_punto_grupo`),
  ADD UNIQUE KEY `uk_grupo_punto` (`id_grupo`,`id_punto`),
  ADD KEY `id_punto` (`id_punto`);

--
-- Indices de la tabla `punto_usuario`
--
ALTER TABLE `punto_usuario`
  ADD PRIMARY KEY (`id_punto_usuario`),
  ADD UNIQUE KEY `uq_punto_usuario` (`id_punto`,`id_usuario`),
  ADD KEY `fk_punto_usuario_punto` (`id_punto`),
  ADD KEY `fk_punto_usuario_usuario` (`id_usuario`),
  ADD KEY `fk_punto_usuario_votante` (`votante`);

--
-- Indices de la tabla `resolucion`
--
ALTER TABLE `resolucion`
  ADD PRIMARY KEY (`id_punto`);

--
-- Indices de la tabla `resultado`
--
ALTER TABLE `resultado`
  ADD PRIMARY KEY (`id_punto`);

--
-- Indices de la tabla `sesion`
--
ALTER TABLE `sesion`
  ADD PRIMARY KEY (`id_sesion`),
  ADD UNIQUE KEY `codigo` (`codigo`);

--
-- Indices de la tabla `sesion_documento`
--
ALTER TABLE `sesion_documento`
  ADD PRIMARY KEY (`id_sesion_documento`),
  ADD KEY `fk_sesion_documento_sesion` (`id_sesion`),
  ADD KEY `fk_sesion_documento_documento` (`id_documento`);

--
-- Indices de la tabla `usuario`
--
ALTER TABLE `usuario`
  ADD PRIMARY KEY (`id_usuario`),
  ADD UNIQUE KEY `codigo` (`codigo`),
  ADD UNIQUE KEY `cedula` (`cedula`),
  ADD KEY `fk_usuario_reemplazo` (`id_usuario_reemplazo`),
  ADD KEY `fk_usuario_facultad` (`id_facultad`),
  ADD KEY `fk_usuario_grupo` (`id_grupo_usuario`);

--
-- AUTO_INCREMENT de las tablas volcadas
--

--
-- AUTO_INCREMENT de la tabla `asistencia`
--
ALTER TABLE `asistencia`
  MODIFY `id_asistencia` int(11) NOT NULL AUTO_INCREMENT, AUTO_INCREMENT=1463;

--
-- AUTO_INCREMENT de la tabla `auditoria`
--
ALTER TABLE `auditoria`
  MODIFY `id_auditoria` int(11) NOT NULL AUTO_INCREMENT, AUTO_INCREMENT=86;

--
-- AUTO_INCREMENT de la tabla `documento`
--
ALTER TABLE `documento`
  MODIFY `id_documento` int(11) NOT NULL AUTO_INCREMENT, AUTO_INCREMENT=50;

--
-- AUTO_INCREMENT de la tabla `facultad`
--
ALTER TABLE `facultad`
  MODIFY `id_facultad` int(11) NOT NULL AUTO_INCREMENT, AUTO_INCREMENT=2;

--
-- AUTO_INCREMENT de la tabla `grupo`
--
ALTER TABLE `grupo`
  MODIFY `id_grupo` int(11) NOT NULL AUTO_INCREMENT, AUTO_INCREMENT=14;

--
-- AUTO_INCREMENT de la tabla `grupo_usuario`
--
ALTER TABLE `grupo_usuario`
  MODIFY `id_grupo_usuario` int(11) NOT NULL AUTO_INCREMENT, AUTO_INCREMENT=7;

--
-- AUTO_INCREMENT de la tabla `miembro`
--
ALTER TABLE `miembro`
  MODIFY `id_miembro` int(11) NOT NULL AUTO_INCREMENT, AUTO_INCREMENT=202;

--
-- AUTO_INCREMENT de la tabla `punto`
--
ALTER TABLE `punto`
  MODIFY `id_punto` int(11) NOT NULL AUTO_INCREMENT, AUTO_INCREMENT=140;

--
-- AUTO_INCREMENT de la tabla `punto_documento`
--
ALTER TABLE `punto_documento`
  MODIFY `id_punto_documento` int(11) NOT NULL AUTO_INCREMENT, AUTO_INCREMENT=10;

--
-- AUTO_INCREMENT de la tabla `punto_grupo`
--
ALTER TABLE `punto_grupo`
  MODIFY `id_punto_grupo` int(11) NOT NULL AUTO_INCREMENT, AUTO_INCREMENT=28;

--
-- AUTO_INCREMENT de la tabla `punto_usuario`
--
ALTER TABLE `punto_usuario`
  MODIFY `id_punto_usuario` int(11) NOT NULL AUTO_INCREMENT, AUTO_INCREMENT=5922;

--
-- AUTO_INCREMENT de la tabla `sesion`
--
ALTER TABLE `sesion`
  MODIFY `id_sesion` int(11) NOT NULL AUTO_INCREMENT, AUTO_INCREMENT=16;

--
-- AUTO_INCREMENT de la tabla `sesion_documento`
--
ALTER TABLE `sesion_documento`
  MODIFY `id_sesion_documento` int(11) NOT NULL AUTO_INCREMENT, AUTO_INCREMENT=35;

--
-- AUTO_INCREMENT de la tabla `usuario`
--
ALTER TABLE `usuario`
  MODIFY `id_usuario` int(11) NOT NULL AUTO_INCREMENT, AUTO_INCREMENT=66;

--
-- Restricciones para tablas volcadas
--

--
-- Filtros para la tabla `asistencia`
--
ALTER TABLE `asistencia`
  ADD CONSTRAINT `fk_asistencia_sesion` FOREIGN KEY (`id_sesion`) REFERENCES `sesion` (`id_sesion`) ON DELETE CASCADE,
  ADD CONSTRAINT `fk_asistencia_usuario` FOREIGN KEY (`id_usuario`) REFERENCES `usuario` (`id_usuario`) ON DELETE CASCADE;

--
-- Filtros para la tabla `auditoria`
--
ALTER TABLE `auditoria`
  ADD CONSTRAINT `fk_auditoria_resolucion` FOREIGN KEY (`id_punto`) REFERENCES `resolucion` (`id_punto`),
  ADD CONSTRAINT `fk_auditoria_usuario` FOREIGN KEY (`id_usuario`) REFERENCES `usuario` (`id_usuario`);

--
-- Filtros para la tabla `grupo`
--
ALTER TABLE `grupo`
  ADD CONSTRAINT `grupo_ibfk_1` FOREIGN KEY (`id_sesion`) REFERENCES `sesion` (`id_sesion`) ON DELETE CASCADE;

--
-- Filtros para la tabla `miembro`
--
ALTER TABLE `miembro`
  ADD CONSTRAINT `fk_miembro_usuario` FOREIGN KEY (`id_usuario`) REFERENCES `usuario` (`id_usuario`) ON DELETE CASCADE;

--
-- Filtros para la tabla `punto`
--
ALTER TABLE `punto`
  ADD CONSTRAINT `fk_punto_reconsiderado` FOREIGN KEY (`id_punto_reconsiderado`) REFERENCES `punto` (`id_punto`) ON DELETE SET NULL,
  ADD CONSTRAINT `fk_punto_sesion` FOREIGN KEY (`id_sesion`) REFERENCES `sesion` (`id_sesion`) ON DELETE CASCADE;

--
-- Filtros para la tabla `punto_documento`
--
ALTER TABLE `punto_documento`
  ADD CONSTRAINT `fk_punto_documento_documento` FOREIGN KEY (`id_documento`) REFERENCES `documento` (`id_documento`) ON DELETE CASCADE,
  ADD CONSTRAINT `fk_punto_documento_punto` FOREIGN KEY (`id_punto`) REFERENCES `punto` (`id_punto`) ON DELETE CASCADE;

--
-- Filtros para la tabla `punto_grupo`
--
ALTER TABLE `punto_grupo`
  ADD CONSTRAINT `punto_grupo_ibfk_1` FOREIGN KEY (`id_grupo`) REFERENCES `grupo` (`id_grupo`) ON DELETE CASCADE,
  ADD CONSTRAINT `punto_grupo_ibfk_2` FOREIGN KEY (`id_punto`) REFERENCES `punto` (`id_punto`) ON DELETE CASCADE;

--
-- Filtros para la tabla `punto_usuario`
--
ALTER TABLE `punto_usuario`
  ADD CONSTRAINT `fk_punto_usuario_punto` FOREIGN KEY (`id_punto`) REFERENCES `punto` (`id_punto`) ON DELETE CASCADE,
  ADD CONSTRAINT `fk_punto_usuario_usuario` FOREIGN KEY (`id_usuario`) REFERENCES `usuario` (`id_usuario`) ON DELETE CASCADE,
  ADD CONSTRAINT `fk_punto_usuario_votante` FOREIGN KEY (`votante`) REFERENCES `usuario` (`id_usuario`) ON DELETE SET NULL;

--
-- Filtros para la tabla `resolucion`
--
ALTER TABLE `resolucion`
  ADD CONSTRAINT `fk_resolucion_punto` FOREIGN KEY (`id_punto`) REFERENCES `punto` (`id_punto`);

--
-- Filtros para la tabla `sesion_documento`
--
ALTER TABLE `sesion_documento`
  ADD CONSTRAINT `fk_sesion_documento_documento` FOREIGN KEY (`id_documento`) REFERENCES `documento` (`id_documento`) ON DELETE CASCADE,
  ADD CONSTRAINT `fk_sesion_documento_sesion` FOREIGN KEY (`id_sesion`) REFERENCES `sesion` (`id_sesion`) ON DELETE CASCADE;

--
-- Filtros para la tabla `usuario`
--
ALTER TABLE `usuario`
  ADD CONSTRAINT `fk_usuario_facultad` FOREIGN KEY (`id_facultad`) REFERENCES `facultad` (`id_facultad`),
  ADD CONSTRAINT `fk_usuario_grupo` FOREIGN KEY (`id_grupo_usuario`) REFERENCES `grupo_usuario` (`id_grupo_usuario`),
  ADD CONSTRAINT `fk_usuario_reemplazo` FOREIGN KEY (`id_usuario_reemplazo`) REFERENCES `usuario` (`id_usuario`) ON DELETE SET NULL;
COMMIT;

/*!40101 SET CHARACTER_SET_CLIENT=@OLD_CHARACTER_SET_CLIENT */;
/*!40101 SET CHARACTER_SET_RESULTS=@OLD_CHARACTER_SET_RESULTS */;
/*!40101 SET COLLATION_CONNECTION=@OLD_COLLATION_CONNECTION */;
